Nazwa utworu;Artysta;L. Artystow;Rok wydania;Miesiac wydania;Dzien wydania;W ilu playlistach;L. odtworzen;bpm
Blinding Lights;The Weeknd;1;2019;11;29;43899;3704;171
Blinding Lights;The Weeknd;1;2019;11;29;43899;3704;171
Shape of You;Ed Sheeran;1;2017;1;6;32181;3563;96
Shape of You;Ed Sheeran;1;2017;1;6;32181;3563;96
Someone You Loved;Lewis Capaldi;1;2018;11;8;17836;2887;110
Someone You Loved;Lewis Capaldi;1;2018;11;8;17836;2887;110
Dance Monkey;Tones and I;1;2019;5;10;24529;2865;98
Sunflower - Spider-Man: Into the Spider-Verse;Post Malone, Swae Lee;2;2018;10;9;24094;2808;90
Sunflower - Spider-Man: Into the Spider-Verse;Post Malone, Swae Lee;2;2018;10;9;24094;2808;90
One Dance;Drake, WizKid, Kyla;3;2016;4;4;43257;2714;104
One Dance;Drake, WizKid, Kyla;3;2016;4;4;43257;2714;104
STAY (with Justin Bieber);Justin Bieber, The Kid Laroi;2;2021;7;9;17050;2665;170
STAY (with Justin Bieber);Justin Bieber, The Kid Laroi;2;2021;7;9;17050;2665;170
Believer;Imagine Dragons;1;2017;1;31;18986;2594;125
Believer;Imagine Dragons;1;2017;1;31;18986;2594;125
Closer;The Chainsmokers, Halsey;2;2016;5;31;28032;2591;95
Starboy;The Weeknd, Daft Punk;2;2016;9;21;29536;2566;186
Starboy;The Weeknd, Daft Punk;2;2016;9;21;29536;2566;186
Perfect;Ed Sheeran;1;2017;1;1;16596;2560;95
Perfect;Ed Sheeran;1;2017;1;1;16596;2560;95
Heat Waves;Glass Animals;1;2020;6;28;22543;2558;81
Heat Waves;Glass Animals;1;2020;6;28;22543;2558;81
As It Was;Harry Styles;1;2022;3;31;23575;2513;174
As It Was;Harry Styles;1;2022;3;31;23575;2513;174
Se??o;Shawn Mendes, Camila Cabello;2;2019;6;19;15010;2485;117
Say You Won t Let Go;James Arthur;1;2016;9;9;15722;2420;99
Say You Won t Let Go;James Arthur;1;2016;9;9;15722;2420;99
lovely - Bonus Track;Billie Eilish, Khalid;2;2017;8;11;15032;2356;115
lovely - Bonus Track;Billie Eilish, Khalid;2;2017;8;11;15032;2356;115
Watermelon Sugar;Harry Styles;1;2019;11;17;21915;2323;95
Watermelon Sugar;Harry Styles;1;2019;11;17;21915;2323;95
Don t Start Now;Dua Lipa;1;2019;10;31;27119;2303;124
Don t Start Now;Dua Lipa;1;2019;10;31;27119;2303;124
Lucid Dreams;Juice WRLD;1;2017;6;15;14749;2289;84
Sweater Weather;The Neighbourhood;1;2012;5;14;16413;2283;124
Sweater Weather;The Neighbourhood;1;2012;5;14;16413;2283;124
Thinking Out Loud;Ed Sheeran;1;2014;1;1;33032;2281;79
Photograph;Ed Sheeran;1;2014;6;20;18778;2237;108
Something Just Like This;The Chainsmokers, Coldplay;2;2017;2;22;23375;2204;103
Bohemian Rhapsody - Remastered 2011;Queen;1;1975;10;31;40112;2197;71
Shallow;Lady Gaga, Bradley Cooper;2;2018;9;27;16636;2159;96
Take Me To Church;Hozier;1;2013;9;13;23804;2135;129
Take Me To Church;Hozier;1;2013;9;13;23804;2135;129
Circles;Post Malone;1;2019;8;30;19664;2132;120
Circles;Post Malone;1;2019;8;30;19664;2132;120
Love Yourself;Justin Bieber;1;2015;11;9;22730;2123;100
All of Me;John Legend;1;2013;8;1;27221;2086;120
Counting Stars;OneRepublic;1;2013;1;1;29215;2011;122
Counting Stars;OneRepublic;1;2013;1;1;29215;2011;122
Riptide;Vance Joy;1;1975;1;1;31123;2009;102
Riptide;Vance Joy;1;1975;1;1;31123;2009;102
Wake Me Up - Radio Edit;Avicii;1;2013;1;1;50887;1971;124
Can t Hold Us (feat. Ray Dalton);Ray Dalton, Ryan Lewis, Macklemore;3;2011;8;16;6074;1954;146
Can t Hold Us (feat. Ray Dalton);Ray Dalton, Ryan Lewis, Macklemore;3;2011;8;16;6074;1954;146
The Hills;The Weeknd;1;2015;5;27;25744;1947;136
The Hills;The Weeknd;1;2015;5;27;25744;1947;136
HUMBLE.;Kendrick Lamar;1;2017;3;30;33206;1930;150
One Kiss (with Dua Lipa);Calvin Harris, Dua Lipa;2;2017;6;2;27705;1898;124
One Kiss (with Dua Lipa);Calvin Harris, Dua Lipa;2;2017;6;2;27705;1898;124
good 4 u;Olivia Rodrigo;1;2021;5;14;15563;1887;166
good 4 u;Olivia Rodrigo;1;2021;5;14;15563;1887;166
drivers license;Olivia Rodrigo;1;2021;1;8;12685;1858;144
drivers license;Olivia Rodrigo;1;2021;1;8;12685;1858;144
Demons;Imagine Dragons;1;2012;1;1;26694;1840;180
Demons;Imagine Dragons;1;2012;1;1;26694;1840;180
Lose Yourself - Soundtrack Version;Eminem;1;2002;1;1;32502;1830;171
Lose Yourself - Soundtrack Version;Eminem;1;2002;1;1;32502;1830;171
INDUSTRY BABY (feat. Jack Harlow);Jack Harlow, Lil Nas X;2;2021;7;23;13315;1814;150
Another Love;Tom Odell;1;2012;10;15;18371;1814;123
INDUSTRY BABY (feat. Jack Harlow);Jack Harlow, Lil Nas X;2;2021;7;23;13315;1814;150
Another Love;Tom Odell;1;2012;10;15;18371;1814;123
Mr. Brightside;The Killers;1;2003;9;23;51979;1807;148
Levitating (feat. DaBaby);Dua Lipa, DaBaby;2;2020;3;27;15894;1803;103
Levitating (feat. DaBaby);Dua Lipa, DaBaby;2;2020;3;27;15894;1803;103
No Role Modelz;J. Cole;1;2014;12;9;21164;1791;100
No Role Modelz;J. Cole;1;2014;12;9;21164;1791;100
Do I Wanna Know?;Arctic Monkeys;1;2013;1;1;33783;1788;85
Do I Wanna Know?;Arctic Monkeys;1;2013;1;1;33783;1788;85
Dakiti;Bad Bunny, Jhay Cortez;2;2020;10;30;11215;1763;110
Dakiti;Bad Bunny, Jhay Cortez;2;2020;10;30;11215;1763;110
Memories;Maroon 5;1;2019;9;20;9974;1760;91
Yellow;Chris Molitor;1;1999;1;1;31358;1755;173
Yellow;Chris Molitor;1;1999;1;1;31358;1755;173
MONTERO (Call Me By Your Name);Lil Nas X;1;2020;9;18;12329;1735;179
MONTERO (Call Me By Your Name);Lil Nas X;1;2020;9;18;12329;1735;179
There s Nothing Holdin  Me Back;Shawn Mendes;1;2016;9;23;12382;1714;122
Mood (feat. Iann Dior);24kgoldn, Iann Dior;2;2020;7;24;12854;1699;91
" Till I Collapse";Eminem, Nate Dogg;2;2002;5;26;22923;1696;171
Dynamite;BTS;1;2020;8;21;8528;1693;114
Dynamite;BTS;1;2020;8;21;8528;1693;114
Smells Like Teen Spirit - Remastered 2021;Nirvana;1;1991;9;10;49991;1690;117
Without Me;Eminem;1;2002;1;1;21081;1688;112
Without Me;Eminem;1;2002;1;1;21081;1688;112
When I Was Your Man;Bruno Mars;1;2012;12;5;2420;1661;145
When I Was Your Man;Bruno Mars;1;2012;12;5;2420;1661;145
Die For You;The Weeknd;1;2016;11;24;2483;1648;134
Die For You;The Weeknd;1;2016;11;24;2483;1648;134
Just The Way You Are;Bruno Mars;1;2010;1;1;21106;1641;109
Just The Way You Are;Bruno Mars;1;2010;1;1;21106;1641;109
In The End;Linkin Park;1;2000;10;24;25065;1624;105
In The End;Linkin Park;1;2000;10;24;25065;1624;105
Before You Go;Lewis Capaldi;1;2019;11;1;8327;1608;112
The Scientist;Coldplay;1;2002;8;5;30992;1608;146
I m Not The Only One;Sam Smith;1;2014;1;1;17492;1607;82
I m Not The Only One;Sam Smith;1;2014;1;1;17492;1607;82
Cold Heart - PNAU Remix;Dua Lipa, Elton John, Pnau;3;2017;11;10;21097;1605;116
Cold Heart - PNAU Remix;Dua Lipa, Elton John, Pnau;3;2017;11;10;21097;1605;116
Viva La Vida;Coldplay;1;2008;1;1;33898;1593;138
Every Breath You Take - Remastered 2003;The Police;1;1983;1;6;22439;1593;117
Viva La Vida;Coldplay;1;2008;1;1;33898;1593;138
Every Breath You Take - Remastered 2003;The Police;1;1983;1;6;22439;1593;117
Save Your Tears;The Weeknd;1;2020;3;20;12688;1591;118
Save Your Tears;The Weeknd;1;2020;3;20;12688;1591;118
Kiss Me More (feat. SZA);SZA, Doja Cat;2;2021;4;9;15867;1575;111
Kiss Me More (feat. SZA);SZA, Doja Cat;2;2021;4;9;15867;1575;111
Bad Habits;Ed Sheeran;1;2020;9;3;12755;1556;126
Bad Habits;Ed Sheeran;1;2020;9;3;12755;1556;126
Sweet Child O  Mine;Guns N  Roses;1;1987;1;1;41231;1553;125
Locked Out Of Heaven;Bruno Mars;1;2012;12;5;1622;1481;144
Locked Out Of Heaven;Bruno Mars;1;2012;12;5;1622;1481;144
Take On Me;a-ha;1;1984;10;19;44927;1479;84
Payphone;Maroon 5, Wiz Khalifa;2;2012;1;1;14143;1479;110
Take On Me;a-ha;1;1984;10;19;44927;1479;84
Payphone;Maroon 5, Wiz Khalifa;2;2012;1;1;14143;1479;110
Rolling in the Deep;Adele;1;2010;11;29;35684;1473;105
Somebody That I Used To Know;Gotye, Kimbra;2;2011;1;1;42798;1457;129
The Nights;Avicii;1;2014;1;1;17354;1456;126
All I Want for Christmas Is You;Mariah Carey;1;1994;10;28;25653;1450;150
Call Out My Name;The Weeknd;1;2018;3;29;11087;1450;134
All I Want for Christmas Is You;Mariah Carey;1;1994;10;28;25653;1450;150
Call Out My Name;The Weeknd;1;2018;3;29;11087;1450;134
Peaches (feat. Daniel Caesar & Giveon);Justin Bieber, Daniel Caesar, Giveon;3;2021;3;19;14140;1446;90
Peaches (feat. Daniel Caesar & Giveon);Justin Bieber, Daniel Caesar, Giveon;3;2021;3;19;14140;1446;90
Me Porto Bonito;Chencho Corleone, Bad Bunny;2;2022;5;6;8870;1441;92
Me Porto Bonito;Chencho Corleone, Bad Bunny;2;2022;5;6;8870;1441;92
Adore You;Harry Styles;1;2019;12;6;13454;1439;99
LA CANCI?;J Balvin, Bad Bunny;2;2019;6;28;6398;1435;176
LA CANCI?;J Balvin, Bad Bunny;2;2019;6;28;6398;1435;176
The Real Slim Shady;Eminem;1;2000;1;1;20763;1425;104
The Real Slim Shady;Eminem;1;2000;1;1;20763;1425;104
The Night We Met;Lord Huron;1;2015;2;2;18515;1410;174
The Night We Met;Lord Huron;1;2015;2;2;18515;1410;174
Easy On Me;Adele;1;2021;10;14;10195;1406;142
Easy On Me;Adele;1;2021;10;14;10195;1406;142
Let Me Down Slowly;Alec Benjamin;1;2018;5;25;5897;1375;150
Let Me Down Slowly;Alec Benjamin;1;2018;5;25;5897;1375;150
Beggin;M??ne;1;2017;12;8;8559;1368;134
Beggin;M??ne;1;2017;12;8;8559;1368;134
Numb;Linkin Park;1;2003;3;24;20111;1361;110
Numb;Linkin Park;1;2003;3;24;20111;1361;110
Gangsta s Paradise;Coolio, L.V.;2;1995;7;11;10624;1358;80
Gangsta s Paradise;Coolio, L.V.;2;1995;7;11;10624;1358;80
Quevedo: Bzrp Music Sessions, Vol. 52;Bizarrap, Quevedo;2;2022;7;6;8506;1357;128
Quevedo: Bzrp Music Sessions, Vol. 52;Bizarrap, Quevedo;2;2022;7;6;8506;1357;128
Blank Space;Taylor Swift;1;2014;1;1;11434;1356;96
Blank Space;Taylor Swift;1;2014;1;1;11434;1356;96
Woman;Doja Cat;1;2021;6;25;9424;1329;108
Woman;Doja Cat;1;2021;6;25;9424;1329;108
Flowers;Miley Cyrus;1;2023;1;12;12211;1317;118
Flowers;Miley Cyrus;1;2023;1;12;12211;1317;118
Pepas;Farruko;1;2021;6;24;14114;1310;130
Pepas;Farruko;1;2021;6;24;14114;1310;130
Callaita;Bad Bunny, Tainy;2;2019;5;31;9539;1304;176
Shivers;Ed Sheeran;1;2021;9;9;10147;1302;141
Heather;Conan Gray;1;2020;3;20;6170;1302;92
Shivers;Ed Sheeran;1;2021;9;9;10147;1302;141
Heather;Conan Gray;1;2020;3;20;6170;1302;92
I Wanna Be Yours;Arctic Monkeys;1;2013;1;1;12859;1297;135
I Wanna Be Yours;Arctic Monkeys;1;2013;1;1;12859;1297;135
Iris;The Goo Goo Dolls;1;1998;3;31;13101;1285;156
Danza Kuduro;Don Omar, Lucenzo;2;2010;1;1;17138;1279;130
Danza Kuduro;Don Omar, Lucenzo;2;2010;1;1;17138;1279;130
Creep;Radiohead;1;1992;9;21;36724;1271;92
Creep;Radiohead;1;1992;9;21;36724;1271;92
Why d You Only Call Me When You re High?;Arctic Monkeys;1;2013;1;1;23389;1267;92
Why d You Only Call Me When You re High?;Arctic Monkeys;1;2013;1;1;23389;1267;92
Titi Me Pregunt?;Bad Bunny;1;2022;5;6;9037;1264;107
Titi Me Pregunt?;Bad Bunny;1;2022;5;6;9037;1264;107
Yonaguni;Bad Bunny;1;2021;6;4;9644;1261;180
Yonaguni;Bad Bunny;1;2021;6;4;9644;1261;180
deja vu;Olivia Rodrigo;1;2021;4;1;7545;1257;181
deja vu;Olivia Rodrigo;1;2021;4;1;7545;1257;181
positions;Ariana Grande;1;2020;10;23;8207;1253;144
Mockingbird;Eminem;1;2004;1;1;12985;1242;84
Mockingbird;Eminem;1;2004;1;1;12985;1242;84
We Found Love;Rihanna, Calvin Harris;2;2011;1;1;36843;1235;128
We Found Love;Rihanna, Calvin Harris;2;2011;1;1;36843;1235;128
Unholy (feat. Kim Petras);Sam Smith, Kim Petras;2;2022;9;22;8576;1231;131
traitor;Juan Cruz Toledo, Huilen Toledo;2;2021;5;21;5257;1231;176
Unholy (feat. Kim Petras);Sam Smith, Kim Petras;2;2022;9;22;8576;1231;131
traitor;Juan Cruz Toledo, Huilen Toledo;2;2021;5;21;5257;1231;176
Enemy (with JID) - from the series Arcane League of Legends;Imagine Dragons, League of Legends, JID, Arcane;4;2021;9;3;6180;1223;77
Enemy (with JID) - from the series Arcane League of Legends;Imagine Dragons, League of Legends, JID, Arcane;4;2021;9;3;6180;1223;77
Enemy - from the series Arcane League of Legends;Imagine Dragons, League of Legends, Arcane;3;2021;10;27;824;1223;77
Save Your Tears (with Ariana Grande) (Remix);Ariana Grande, The Weeknd;2;2020;3;20;9161;1222;118
Save Your Tears (with Ariana Grande) (Remix);Ariana Grande, The Weeknd;2;2020;3;20;9161;1222;118
505;Arctic Monkeys;1;2007;4;20;13985;1217;140
505;Arctic Monkeys;1;2007;4;20;13985;1217;140
La Bachata;Manuel Turizo;1;2022;5;26;6804;1214;125
La Bachata;Manuel Turizo;1;2022;5;26;6804;1214;125
Still D.R.E.;Dr. Dre, Snoop Dogg;2;1999;1;1;33966;1211;93
Everybody Wants To Rule The World;Tears For Fears;1;1985;2;17;41751;1206;112
Everybody Wants To Rule The World;Tears For Fears;1;1985;2;17;41751;1206;112
In Da Club;50 Cent;1;2002;1;1;30427;1203;90
Hope;XXXTENTACION;1;2018;3;16;3659;1201;146
Contection;GODZZ__-, Zakaria;2;2020;1;16;6955;1181;166
you broke me first;Tate McRae;1;2020;4;17;6638;1180;124
Todo De Ti;Rauw Alejandro;1;2020;11;2;11975;1169;128
Todo De Ti;Rauw Alejandro;1;2020;11;2;11975;1169;128
Ghost;Justin Bieber;1;2021;3;19;5866;1167;154
Ghost;Justin Bieber;1;2021;3;19;5866;1167;154
Set Fire to the Rain;Adele;1;2011;1;1;14739;1164;108
Set Fire to the Rain;Adele;1;2011;1;1;14739;1164;108
Kill Bill;SZA;1;2022;12;8;8109;1163;89
Kill Bill;SZA;1;2022;12;8;8109;1163;89
Last Christmas;Wham!;1;1984;1;1;22153;1159;107
Last Christmas;Wham!;1;1984;1;1;22153;1159;107
Have You Ever Seen The Rain?;Creedence Clearwater Revival;1;1968;7;1;15890;1146;116
Have You Ever Seen The Rain?;Creedence Clearwater Revival;1;1968;7;1;15890;1146;116
Butter;BTS;1;2021;5;21;4779;1144;110
Butter;BTS;1;2021;5;21;4779;1144;110
Astronaut In The Ocean;Masked Wolf;1;2019;1;1;7191;1138;150
Ojitos Lindos;Bomba Est??reo, Bad B;2;2022;5;6;6135;1134;80
Ojitos Lindos;Bomba Est??reo, Bad B;2;2022;5;6;6135;1134;80
Night Changes;One Direction;1;2014;11;17;7124;1131;120
Night Changes;One Direction;1;2014;11;17;7124;1131;120
Daddy Issues;The Neighbourhood;1;2015;10;30;9771;1127;85
SLOW DANCING IN THE DARK;Joji;1;2018;9;12;10211;1122;89
Dandelions;Ruth B.;1;2017;4;28;3423;1117;117
Dandelions;Ruth B.;1;2017;4;28;3423;1117;117
Leave The Door Open;Bruno Mars, Anderson .Paak, Silk Sonic;3;2021;3;5;14417;1116;148
Leave The Door Open;Bruno Mars, Anderson .Paak, Silk Sonic;3;2021;3;5;14417;1116;148
Shake It Off;Taylor Swift;1;2014;1;1;21335;1114;160
Shake It Off;Taylor Swift;1;2014;1;1;21335;1114;160
I m Good (Blue);Bebe Rexha, David Guetta;2;2022;8;26;12482;1109;128
I m Good (Blue);Bebe Rexha, David Guetta;2;2022;8;26;12482;1109;128
Money Trees;Kendrick Lamar, Jay Rock;2;2012;1;1;26792;1094;144
Money Trees;Kendrick Lamar, Jay Rock;2;2012;1;1;26792;1094;144
Somewhere Only We Know;Keane;1;2004;1;1;20015;1089;172
Somewhere Only We Know;Keane;1;2004;1;1;20015;1089;172
I Ain t Worried;OneRepublic;1;2022;5;13;8431;1086;140
I Ain t Worried;OneRepublic;1;2022;5;13;8431;1086;140
Boy With Luv (feat. Halsey);Halsey, BTS;2;2019;4;12;4260;1066;120
Boy With Luv (feat. Halsey);Halsey, BTS;2;2019;4;12;4260;1066;120
Talking To The Moon;Bruno Mars;1;2010;10;4;7109;1063;146
The Business;Ti??;1;2020;1;1;14311;1062;120
My Universe;Coldplay, BTS;2;2021;9;24;6127;1062;105
My Universe;Coldplay, BTS;2;2021;9;24;6127;1062;105
Happier Than Ever;Billie Eilish;1;2021;7;30;8476;1057;65
Happier Than Ever;Billie Eilish;1;2021;7;30;8476;1057;65
See You Again;Tyler, The Creator, Kali Uchis;3;2017;7;21;13387;1047;79
Efecto;Bad Bunny;1;2022;5;6;4004;1047;98
See You Again;Tyler, The Creator, Kali Uchis;3;2017;7;21;13387;1047;79
Efecto;Bad Bunny;1;2022;5;6;4004;1047;98
Need To Know;Doja Cat;1;2021;6;11;6672;1043;130
Need To Know;Doja Cat;1;2021;6;11;6672;1043;130
Running Up That Hill (A Deal With God);Kate Bush;1;1985;9;16;21811;1025;108
Running Up That Hill (A Deal With God);Kate Bush;1;1985;9;16;21811;1025;108
Falling;Harry Styles;1;2019;12;13;7556;1023;110
Revenge;XXXTENTACION;1;2017;8;25;3600;1022;140
Revenge;XXXTENTACION;1;2017;8;25;3600;1022;140
???abcdefu;Gayle;1;2021;8;13;7215;1008;122
???abcdefu;Gayle;1;2021;8;13;7215;1008;122
Anti-Hero;Taylor Swift;1;2022;10;21;9082;1000;97
Anti-Hero;Taylor Swift;1;2022;10;21;9082;1000;97
Arcade;Duncan Laurence;1;2019;3;7;6646;991;72
Glimpse of Us;Joji;1;2022;6;10;6330;989;170
Glimpse of Us;Joji;1;2022;6;10;6330;989;170
Summertime Sadness;Lana Del Rey;1;2011;1;1;20333;984;112
Summertime Sadness;Lana Del Rey;1;2011;1;1;20333;984;112
Where Are You Now;Lost Frequencies, Calum Scott;2;2021;7;30;10565;973;121
Where Are You Now;Lost Frequencies, Calum Scott;2;2021;7;30;10565;973;121
I Love You So;The Walters;1;2014;11;28;7536;972;76
I Love You So;The Walters;1;2014;11;28;7536;972;76
No Lie;Sean Paul, Dua Lipa;2;2016;11;18;7370;957;102
HEARTBREAK ANNIVERSARY;Giveon;1;2020;2;21;5398;952;129
Sure Thing;Miguel;1;2010;5;25;13801;951;81
Sure Thing;Miguel;1;2010;5;25;13801;951;81
Unstoppable;Sia;1;2016;1;21;7681;940;174
Unstoppable;Sia;1;2016;1;21;7681;940;174
Get Lucky - Radio Edit;Pharrell Williams, Nile Rodgers, Daft Punk;3;2013;1;1;52898;934;116
Under The Influence;Chris Brown;1;2019;10;4;3859;930;117
Under The Influence;Chris Brown;1;2019;10;4;3859;930;117
Wait a Minute!;Willow;1;2015;1;11;11985;924;101
THATS WHAT I WANT;Lil Nas X;1;2021;9;17;7963;921;88
THATS WHAT I WANT;Lil Nas X;1;2021;9;17;7963;921;88
Dark Red;Steve Lacy;1;2017;2;20;10431;920;172
Dark Red;Steve Lacy;1;2017;2;20;10431;920;172
Stan;Eminem, Dido;2;1999;11;21;17115;919;80
Moscow Mule;Bad Bunny;1;2022;5;6;4572;909;100
Moscow Mule;Bad Bunny;1;2022;5;6;4572;909;100
Calm Down (with Selena Gomez);R??ma, Selena G;2;2022;3;25;7112;899;107
Calm Down (with Selena Gomez);R??ma, Selena G;2;2022;3;25;7112;899;107
Infinity;Jaymes Young;1;2017;6;23;4375;888;122
Infinity;Jaymes Young;1;2017;6;23;4375;888;122
Heartless;Kanye West;1;2008;1;1;17504;888;88
PROVENZA;Karol G;1;2022;4;21;6587;885;111
PROVENZA;Karol G;1;2022;4;21;6587;885;111
Lover;Taylor Swift;1;2012;1;1;8448;883;206
Lover;Taylor Swift;1;2012;1;1;8448;883;206
MIDDLE OF THE NIGHT;Elley Duh?;1;2020;1;10;4057;872;186
MIDDLE OF THE NIGHT;Elley Duh?;1;2020;1;10;4057;872;186
Streets;Doja Cat;1;2019;11;7;5728;866;90
Friday (feat. Mufasa & Hypeman) - Dopamine Re-Edit;Riton, Nightcrawlers, Mufasa & Hypeman, Dopamine;4;2021;1;15;12043;864;123
MONEY;Lisa;1;2021;9;10;2566;864;140
MONEY;Lisa;1;2021;9;10;2566;864;140
I WANNA BE YOUR SLAVE;M??ne;1;2021;3;19;4873;851;133
happier;Olivia Rodrigo;1;2021;5;21;3069;851;169
"Creepin ";The Weeknd, 21 Savage, Metro Boomin;3;2022;12;2;6036;844;98
"Creepin ";The Weeknd, 21 Savage, Metro Boomin;3;2022;12;2;6036;844;98
The Next Episode;Dr. Dre, Snoop Dogg;2;1999;1;1;31762;843;95
Apocalypse;Cigarettes After Sex;1;2017;3;21;13091;842;94
Apocalypse;Cigarettes After Sex;1;2017;3;21;13091;842;94
Dream On;Aerosmith;1;1973;1;5;168;839;80
Dream On;Aerosmith;1;1973;1;5;168;839;80
Bones;Imagine Dragons;1;2021;3;11;4198;838;114
Bones;Imagine Dragons;1;2021;3;11;4198;838;114
Santa Tell Me;Ariana Grande;1;2013;12;13;9408;834;133
Santa Tell Me;Ariana Grande;1;2013;12;13;9408;834;133
Good Days;SZA;1;2020;12;24;10426;827;121
Good Days;SZA;1;2020;12;24;10426;827;121
Freaks;Surf Curse;1;2015;5;10;3006;824;180
Bad Habit;Steve Lacy;1;2022;6;29;8186;823;169
Bad Habit;Steve Lacy;1;2022;6;29;8186;823;169
Lost;Frank Ocean;1;2012;1;1;29499;822;123
cardigan;Taylor Swift;1;2020;7;24;7923;812;130
cardigan;Taylor Swift;1;2020;7;24;7923;812;130
Desesperados;Chencho Corleone, Rauw Alejandro;2;2021;6;25;6821;809;90
Desesperados;Chencho Corleone, Rauw Alejandro;2;2021;6;25;6821;809;90
It s Beginning To Look A Lot Like Christmas;Michael Bubl?;1;2011;10;14;12353;808;93
It s Beginning To Look A Lot Like Christmas;Michael Bubl?;1;2011;10;14;12353;808;93
Golden;Harry Styles;1;2019;12;13;8429;807;140
Pink + White;Frank Ocean;1;2016;8;20;21574;806;160
Pink + White;Frank Ocean;1;2016;8;20;21574;806;160
Cruel Summer;Taylor Swift;1;2019;8;23;7858;801;170
Cruel Summer;Taylor Swift;1;2019;8;23;7858;801;170
Cruel Summer;Taylor Swift;1;2019;8;23;7858;801;170
Cruel Summer;Taylor Swift;1;2019;8;23;7858;801;170
Levitating;Dua Lipa;1;2020;3;27;9833;797;103
RAPSTAR;Polo G;1;2021;4;9;4731;797;81
Space Song;Beach House;1;2015;1;1;17852;790;147
Space Song;Beach House;1;2015;1;1;17852;790;147
Style;Taylor Swift;1;2014;1;1;7830;786;95
Style;Taylor Swift;1;2014;1;1;7830;786;95
favorite crime;Olivia Rodrigo;1;2021;5;21;3681;784;173
DESPECH?;ROSAL?;1;2022;7;28;7613;782;130
DESPECH?;ROSAL?;1;2022;7;28;7613;782;130
Bored;Billie Eilish;1;2017;3;30;4204;778;120
Lo Siento BB:/ (with Bad Bunny & Julieta Venegas);Julieta Venegas, Bad Bunny, Tainy;3;2021;10;5;3423;776;170
Lo Siento BB:/ (with Bad Bunny & Julieta Venegas);Julieta Venegas, Bad Bunny, Tainy;3;2021;10;5;3423;776;170
Rockin  Around The Christmas Tree;Brenda Lee;1;1958;1;1;14994;769;140
Rockin  Around The Christmas Tree;Brenda Lee;1;1958;1;1;14994;769;140
La Santa;Daddy Yankee, Bad Bunny;2;2020;2;29;4890;759;93
Bam Bam (feat. Ed Sheeran);Camila Cabello, Ed Sheeran;2;2022;3;4;6111;757;95
golden hour;JVKE;1;2022;7;15;4511;751;94
golden hour;JVKE;1;2022;7;15;4511;751;94
Late Night Talking;Harry Styles;1;2022;5;20;7461;744;115
Late Night Talking;Harry Styles;1;2022;5;20;7461;744;115
Jingle Bell Rock;Bobby Helms;1;1957;1;1;10326;741;119
Jingle Bell Rock;Bobby Helms;1;1957;1;1;10326;741;119
love nwantiti (ah ah ah);Ckay;1;2019;7;26;5669;727;93
love nwantiti (ah ah ah);Ckay;1;2019;7;26;5669;727;93
Ella Baila Sola;Eslabon Armado, Peso Pluma;2;2023;3;16;3090;726;148
Ella Baila Sola;Eslabon Armado, Peso Pluma;2;2023;3;16;3090;726;148
Ella Baila Sola;Eslabon Armado, Peso Pluma;2;2023;3;16;3090;726;148
SNAP;Rosa Linn;1;2022;3;19;3202;726;170
Until I Found You;Stephen Sanchez;1;2021;9;1;4427;726;202
Ella Baila Sola;Eslabon Armado, Peso Pluma;2;2023;3;16;3090;726;148
SNAP;Rosa Linn;1;2022;3;19;3202;726;170
Until I Found You;Stephen Sanchez;1;2021;9;1;4427;726;202
About Damn Time;Lizzo;1;2022;7;15;2332;724;109
About Damn Time;Lizzo;1;2022;7;15;2332;724;109
About Damn Time;Lizzo;1;2022;4;14;9021;724;109
we fell in love in october;girl in red;1;2018;11;21;6858;723;130
Shakira: Bzrp Music Sessions, Vol. 53;Shakira, Bizarrap;2;2023;1;11;5724;722;122
Shakira: Bzrp Music Sessions, Vol. 53;Shakira, Bizarrap;2;2023;1;11;5724;722;122
Qu?? M??;J Balvin, Maria Becerra;2;2021;1;28;8087;721;102
Left and Right (Feat. Jung Kook of BTS);Charlie Puth, BTS, Jung Kook;3;2022;6;24;3107;720;101
Left and Right (Feat. Jung Kook of BTS);Charlie Puth, BTS, Jung Kook;3;2022;6;24;3107;720;101
MAMIII;Karol G, Becky G;2;2022;2;10;6809;717;94
SNAP;Rosa Linn;1;2022;3;19;1818;711;170
I Was Never There;The Weeknd, Gesaffelstein;2;2018;3;29;4188;705;114
I Was Never There;The Weeknd, Gesaffelstein;2;2018;3;29;4188;705;114
Master of Puppets (Remastered);Metallica;1;1986;3;3;6080;704;105
Bound 2;Kanye West;1;2013;1;1;19806;703;149
After Hours;The Weeknd;1;2020;2;19;8084;698;109
After Hours;The Weeknd;1;2020;2;19;8084;698;109
First Class;Jack Harlow;1;2022;4;8;8737;695;107
Snowman;Sia;1;2017;1;1;5140;690;105
Snowman;Sia;1;2017;1;1;5140;690;105
Lost in the Fire;The Weeknd, Gesaffelstein;2;2019;1;11;7731;687;101
Lost in the Fire;The Weeknd, Gesaffelstein;2;2019;1;11;7731;687;101
A Tu Merced;Bad Bunny;1;2020;2;29;4214;685;92
Don???t Bl;Taylor Swift;1;2017;11;8;4875;685;136
Reminder;The Weeknd;1;2016;11;25;6518;685;160
Don???t Bl;Taylor Swift;1;2017;11;8;4875;685;136
Reminder;The Weeknd;1;2016;11;25;6518;685;160
Romantic Homicide;d4vd;1;2022;7;20;2335;682;132
Romantic Homicide;d4vd;1;2022;7;20;2335;682;132
Una Noche en Medell?;Cris Mj;1;2022;1;21;5415;682;96
Cool for the Summer;Demi Lovato;1;2015;1;1;9243;677;114
Forgot About Dre;Eminem, Dr. Dre;2;1999;1;1;19067;675;134
Do It To It;Cherish, ACRAZE;2;2021;8;20;12403;675;125
Do It To It;Cherish, ACRAZE;2;2021;8;20;12403;675;125
Hey Mor;Ozuna, Feid;2;2022;10;6;4637;674;98
Hey Mor;Ozuna, Feid;2;2022;10;6;4637;674;98
Volv?;Aventura, Bad Bunny;2;2021;8;3;5375;674;176
Volv?;Aventura, Bad Bunny;2;2021;8;3;5375;674;176
You Right;Doja Cat, The Weeknd;2;2021;6;24;5073;673;129
You Right;Doja Cat, The Weeknd;2;2021;6;24;5073;673;129
Neverita;Bad Bunny;1;2022;5;6;2590;671;122
Neverita;Bad Bunny;1;2022;5;6;2590;671;122
jealousy, jealousy;Olivia Rodrigo;1;2021;5;21;3257;666;164
It s the Most Wonderful Time of the Year;Andy Williams;1;1963;10;14;8879;664;202
It s the Most Wonderful Time of the Year;Andy Williams;1;1963;10;14;8879;664;202
Gasolina;Daddy Yankee;1;2004;7;13;6457;658;96
Gasolina;Daddy Yankee;1;2004;7;13;6457;658;96
The Motto;Ti??sto, Ava;2;2021;11;4;9151;656;118
The Motto;Ti??sto, Ava;2;2021;11;4;9151;656;118
Superman;Eminem, Dina Rae;2;2002;5;26;7615;655;130
Superman;Eminem, Dina Rae;2;2002;5;26;7615;655;130
Sunroof;Nicky Youre, Dazy;2;2021;12;3;3741;653;131
Sunroof;Nicky Youre, Dazy;2;2021;12;3;3741;653;131
Leave Before You Love Me (with Jonas Brothers);Marshmello, Jonas Brothers;2;2021;4;28;4893;652;120
After Dark;Mr.Kitty;1;2014;8;8;1776;647;140
After Dark;Mr.Kitty;1;2014;8;8;1776;647;140
Here With Me;d4vd;1;2022;7;17;3246;635;132
Here With Me;d4vd;1;2022;7;17;3246;635;132
Mistletoe;Justin Bieber;1;2011;1;1;9577;629;162
Mistletoe;Justin Bieber;1;2011;1;1;9577;629;162
2055;Sleepy hallow;1;2021;4;14;2226;625;161
Sparks;Coldplay;1;2000;7;10;10826;624;103
Enchanted;Taylor Swift;1;2010;1;1;4564;622;164
Enchanted;Taylor Swift;1;2010;1;1;4564;622;164
Jimmy Cooks (feat. 21 Savage);Drake, 21 Savage;2;2022;6;17;5871;619;163
TQG;Karol G, Shakira;2;2023;2;23;4284;619;180
Jimmy Cooks (feat. 21 Savage);Drake, 21 Savage;2;2022;6;17;5871;619;163
TQG;Karol G, Shakira;2;2023;2;23;4284;619;180
Party;Bad Bunny, Rauw Alejandro;2;2022;5;6;3185;615;97
Party;Bad Bunny, Rauw Alejandro;2;2022;5;6;3185;615;97
Moth To A Flame (with The Weeknd);The Weeknd, Swedish House Mafia;2;2021;10;22;7495;612;120
Stargirl Interlude;The Weeknd, Lana Del Rey;2;2016;11;24;1275;612;90
Moth To A Flame (with The Weeknd);The Weeknd, Swedish House Mafia;2;2021;10;22;7495;612;120
Stargirl Interlude;The Weeknd, Lana Del Rey;2;2016;11;24;1275;612;90
Volando - Remix;Sech, Bad Bunny, Mora;3;2021;7;8;3272;610;154
Volando - Remix;Sech, Bad Bunny, Mora;3;2021;7;8;3272;610;154
I Like You (A Happier Song) (with Doja Cat);Post Malone, Doja Cat;2;2022;6;3;5281;609;101
I Like You (A Happier Song) (with Doja Cat);Post Malone, Doja Cat;2;2022;6;3;5281;609;101
Tarot;Bad Bunny, Jhay Cortez;2;2022;5;6;2482;608;114
Tarot;Bad Bunny, Jhay Cortez;2;2022;5;6;2482;608;114
Permission to Dance;BTS;1;2021;7;9;1801;608;125
august;Taylor Swift;1;2020;7;24;7324;607;90
august;Taylor Swift;1;2020;7;24;7324;607;90
Te Felicito;Shakira, Rauw Alejandro;2;2022;4;21;4796;606;174
Te Felicito;Shakira, Rauw Alejandro;2;2022;4;21;4796;606;174
Feliz Cumplea??os Fe;Feid;1;2022;8;19;3430;602;95
Feliz Cumplea??os Fe;Feid;1;2022;8;19;3430;602;95
Until I Found You (with Em Beihold) - Em Beihold Version;Em Beihold, Stephen Sanchez;2;2022;4;22;2790;601;101
Until I Found You (with Em Beihold) - Em Beihold Version;Em Beihold, Stephen Sanchez;2;2022;4;22;2790;601;101
Softcore;The Neighbourhood;1;2018;3;9;3947;600;94
Softcore;The Neighbourhood;1;2018;3;9;3947;600;94
CUFF IT;Beyonc?;1;2022;7;29;7842;596;115
CUFF IT;Beyonc?;1;2022;7;29;7842;596;115
Mi??n;Tini, Maria Becerra;2;2021;4;29;3406;596;92
Fair Trade (with Travis Scott);Drake, Travis Scott;2;2021;9;3;5403;594;168
Knife Talk (with 21 Savage ft. Project Pat);Drake, Project Pat, 21 Savage;3;2021;9;3;5199;594;146
Knife Talk (with 21 Savage ft. Project Pat);Drake, Project Pat, 21 Savage;3;2021;9;3;5199;594;146
Only Love Can Hurt Like This;Paloma Faith;1;2014;1;1;5148;589;91
Yandel 150;Yandel, Feid;2;2022;12;20;3618;586;168
Yandel 150;Yandel, Feid;2;2022;12;20;3618;586;168
All Too Well (10 Minute Version) (Taylor s Version) (From The Vault);Taylor Swift;1;2021;11;12;4635;584;93
All Too Well (10 Minute Version) (Taylor s Version) (From The Vault);Taylor Swift;1;2021;11;12;4635;584;93
Toxic;BoyWithUke;1;2021;9;10;1795;583;180
Toxic;BoyWithUke;1;2021;9;10;1795;583;180
House Of Memories;Panic! At The Disco;1;2016;1;15;2948;583;110
California Love - Original Version (Explicit);Dr. Dre, 2Pac, Roger;3;1995;12;28;18773;579;92
Mon Amour - Remix;Aitana, zzoilo;2;2020;9;21;3221;578;116
Mon Amour - Remix;Aitana, zzoilo;2;2020;9;21;3221;578;116
Rich Flex;Drake, 21 Savage;2;2022;11;4;4657;574;153
Rich Flex;Drake, 21 Savage;2;2022;11;4;4657;574;153
Angels Like You;Miley Cyrus;1;2020;11;27;3372;571;122
Atlantis;Seafret;1;2015;4;22;3045;571;166
Angels Like You;Miley Cyrus;1;2020;11;27;3372;571;122
Atlantis;Seafret;1;2015;4;22;3045;571;166
Don t Be Shy;Ti??sto, Kar;2;2021;8;1;6026;567;120
Don t Be Shy;Ti??sto, Kar;2;2021;8;1;6026;567;120
Still Don t Know My Name;Labrinth;1;2019;10;4;6332;564;88
family ties (with Kendrick Lamar);Kendrick Lamar, Baby Keem;2;2021;8;27;6308;560;134
WAIT FOR U (feat. Drake & Tems);Drake, Future, Tems;3;2022;4;27;5491;557;83
WAIT FOR U (feat. Drake & Tems);Drake, Future, Tems;3;2022;4;27;5491;557;83
Formula;Labrinth;1;2019;10;4;3444;555;145
La Bebe - Remix;Peso Pluma, Yng Lvcas;2;2023;3;17;2953;554;170
La Bebe - Remix;Peso Pluma, Yng Lvcas;2;2023;3;17;2953;554;170
La Bebe - Remix;Peso Pluma, Yng Lvcas;2;2023;3;17;2953;554;170
La Bebe - Remix;Peso Pluma, Yng Lvcas;2;2023;3;17;2953;554;170
Pink Venom;BLACKPINK;1;2022;8;19;1963;551;90
Pink Venom;BLACKPINK;1;2022;8;19;1963;551;90
Envolver;Anitta;1;2021;11;11;4673;546;92
Love Nwantiti - Remix;Ckay, AX EL, Dj Yo!;3;2019;8;30;2696;541;120
Es un Secreto;Plan B;1;2010;7;20;492;541;95
Love Nwantiti - Remix;Ckay, AX EL, Dj Yo!;3;2019;8;30;2696;541;120
Es un Secreto;Plan B;1;2010;7;20;492;541;95
One Right Now (with The Weeknd);The Weeknd, Post Malone;2;2021;11;5;4771;540;97
One Right Now (with The Weeknd);The Weeknd, Post Malone;2;2021;11;5;4771;540;97
La Jumpa;Arcangel, Bad Bunny;2;2022;11;30;3794;538;123
La Jumpa;Arcangel, Bad Bunny;2;2022;11;30;3794;538;123
Escapism.;RAYE, 070 Shake;2;2022;10;12;5129;532;96
Escapism.;RAYE, 070 Shake;2;2022;10;12;5129;532;96
Meet Me At Our Spot;THE ANXIETY, Willow, Tyler Cole;3;2020;3;13;6734;531;95
Meet Me At Our Spot;THE ANXIETY, Willow, Tyler Cole;3;2020;3;13;6734;531;95
AM Remix;J Balvin, Nio Garcia, Bad Bunny;3;2021;6;24;6556;529;172
Yo Voy (feat. Daddy Yankee);Zion & Lennox;1;2004;5;4;2954;527;95
Feliz Navidad;Jos?? Felic;1;1970;11;1;3788;520;148
Feliz Navidad;Jos?? Felic;1;1970;11;1;3788;520;148
Die For You - Remix;Ariana Grande, The Weeknd;2;2023;2;24;3408;519;67
Die For You - Remix;Ariana Grande, The Weeknd;2;2023;2;24;3408;519;67
Get Into It (Yuh);Doja Cat;1;2021;6;25;4999;517;92
Sobrio;Maluma;1;2021;7;8;3506;514;178
Tacones Rojos;Sebastian Yatra;1;2021;10;22;3047;511;123
Tacones Rojos;Sebastian Yatra;1;2021;10;22;3047;511;123
Sky;Playboi Carti;1;2020;12;25;3297;507;140
un x100to;Bad Bunny, Grupo Frontera;2;2023;4;17;2876;506;83
un x100to;Bad Bunny, Grupo Frontera;2;2023;4;17;2876;506;83
un x100to;Bad Bunny, Grupo Frontera;2;2023;4;17;2876;506;83
un x100to;Bad Bunny, Grupo Frontera;2;2023;4;17;2876;506;83
Made You Look;Meghan Trainor;1;2022;10;21;3956;503;145
Made You Look;Meghan Trainor;1;2022;10;21;3956;503;145
Life Goes On;Oliver Tree;1;2020;7;17;2868;502;80
Life Goes On;Oliver Tree;1;2020;7;17;2868;502;80
Light Switch;Charlie Puth;1;2022;1;19;4049;500;184
Ain t Shit;Doja Cat;1;2021;6;25;3436;500;124
Swim;Chase Atlantic;1;2017;10;4;2742;499;120
Cupid - Twin Ver.;Fifty Fifty;1;2023;2;24;2942;497;120
Miss You;Robin Schulz, Oliver Tree;2;2022;8;5;5730;497;145
Miss You;Robin Schulz, Oliver Tree;2;2022;8;5;5730;497;145
Cupid - Twin Ver.;Fifty Fifty;1;2023;2;24;2942;497;120
Boyfriend;Dove Cameron;1;2022;2;11;3766;496;180
Way 2 Sexy (with Future & Young Thug);Drake, Future, Young Thug;3;2021;9;3;5481;490;136
Lavender Haze;Taylor Swift;1;2022;10;21;3763;488;97
Lavender Haze;Taylor Swift;1;2022;10;21;3763;488;97
Underneath the Tree;Kelly Clarkson;1;2013;10;25;6596;485;160
Underneath the Tree;Kelly Clarkson;1;2013;10;25;6596;485;160
Do They Know It s Christmas? - 1984 Version;Band Aid;1;1984;11;25;14169;482;115
Doja;Central Cee;1;2022;7;20;4169;482;140
Shut Down;BLACKPINK;1;2022;9;16;1524;482;110
Do They Know It s Christmas? - 1984 Version;Band Aid;1;1984;11;25;14169;482;115
Doja;Central Cee;1;2022;7;20;4169;482;140
Shut Down;BLACKPINK;1;2022;9;16;1524;482;110
Sex, Drugs, Etc.;Beach Weather;1;2016;11;4;3006;481;144
Sex, Drugs, Etc.;Beach Weather;1;2016;11;4;3006;481;144
La Corriente;Tony Dize, Bad Bunny;2;2022;5;6;1796;480;196
LA INOCENTE;Feid, Mora;2;2022;4;1;2598;477;92
LA INOCENTE;Feid, Mora;2;2022;4;1;2598;477;92
Holly Jolly Christmas;Michael Bubl?;1;2011;10;14;7655;476;151
Holly Jolly Christmas;Michael Bubl?;1;2011;10;14;7655;476;151
Let It Snow! Let It Snow! Let It Snow!;Frank Sinatra, B. Swanson Quartet;2;1950;1;1;10585;473;143
Let It Snow! Let It Snow! Let It Snow!;Frank Sinatra, B. Swanson Quartet;2;1950;1;1;10585;473;143
LOKERA;Brray, Rauw Alejandro, Lyanno;3;2022;7;25;3301;472;102
LOKERA;Brray, Rauw Alejandro, Lyanno;3;2022;7;25;3301;472;102
Mount Everest;Labrinth;1;2019;6;21;5443;468;89
C??;Rauw Alejandro;1;2021;6;25;2636;466;102
Lovers Rock;TV Girl;1;2014;6;5;6339;466;105
Oh My God;Adele;1;2021;11;19;4431;466;88
Lovers Rock;TV Girl;1;2014;6;5;6339;466;105
Oh My God;Adele;1;2021;11;19;4431;466;88
AMG;Natanael Cano, Gabito Ballesteros, Peso Pluma;3;2022;11;24;995;464;136
AMG;Natanael Cano, Gabito Ballesteros, Peso Pluma;3;2022;11;24;995;464;136
Ferrari;James Hype, Miggy Dela Rosa;2;2022;3;14;7758;463;125
Ferrari;James Hype, Miggy Dela Rosa;2;2022;3;14;7758;463;125
Despu??s de la P;Bad Bunny;1;2022;5;6;2229;462;78
NEW MAGIC WAND;Tyler, The Creator;2;2019;5;16;4708;461;140
Happy Xmas (War Is Over);John Lennon, The Harlem Community Choir, The Plastic Ono Band, Yoko Ono;4;1971;12;1;10829;460;147
Happy Xmas (War Is Over);John Lennon, The Harlem Community Choir, The Plastic Ono Band, Yoko Ono;4;1971;12;1;10829;460;147
Normal;Feid;1;2022;7;8;2461;459;170
Normal;Feid;1;2022;7;8;2461;459;170
Just Wanna Rock;Lil Uzi Vert;1;2022;10;17;3995;457;150
Just Wanna Rock;Lil Uzi Vert;1;2022;10;17;3995;457;150
Something in the Orange;Zach Bryan;1;2022;4;22;3282;450;110
Something in the Orange;Zach Bryan;1;2022;4;22;3282;450;110
Murder In My Mind;Kordhell;1;2022;1;21;2459;449;120
Murder In My Mind;Kordhell;1;2022;1;21;2459;449;120
Vegas (From the Original Motion Picture Soundtrack ELVIS);Doja Cat;1;2022;5;6;4576;449;160
Me and Your Mama;Childish Gambino;1;2016;11;10;8775;446;118
Calm Down;R??;1;2022;2;9;4013;446;107
Let It Snow! Let It Snow! Let It Snow!;Dean Martin;1;1959;11;16;6512;446;134
Calm Down;R??;1;2022;2;9;4013;446;107
Let It Snow! Let It Snow! Let It Snow!;Dean Martin;1;1959;11;16;6512;446;134
Nost??l;Chris Brown, Rvssian, Rauw Alejandro;3;2021;9;8;2780;437;98
Nost??l;Chris Brown, Rvssian, Rauw Alejandro;3;2021;9;8;2780;437;98
PRC;Natanael Cano, Peso Pluma;2;2023;1;23;961;436;138
PRC;Natanael Cano, Peso Pluma;2;2023;1;23;961;436;138
We Don t Talk About Bruno;Adassa, Mauro Castillo, Stephanie Beatriz, Encanto - Cast, Rhenzy Feliz, Diane Guerrero, Carolina Gaitan;7;2021;11;19;2785;433;206
Midnight Rain;Taylor Swift;1;2022;10;21;2612;433;140
We Don t Talk About Bruno;Adassa, Mauro Castillo, Stephanie Beatriz, Encanto - Cast, Rhenzy Feliz, Diane Guerrero, Carolina Gaitan;7;2021;11;19;2785;433;206
Midnight Rain;Taylor Swift;1;2022;10;21;2612;433;140
Take My Breath;The Weeknd;1;2021;8;6;6392;433;121
OMG;NewJeans;1;2023;1;2;1783;431;127
OMG;NewJeans;1;2023;1;2;1783;431;127
Last Night;Morgan Wallen;1;2023;1;31;2420;430;204
Driving Home for Christmas - 2019 Remaster;Chris Rea;1;1986;1;1;888;430;180
Last Night;Morgan Wallen;1;2023;1;31;2420;430;204
Driving Home for Christmas - 2019 Remaster;Chris Rea;1;1986;1;1;888;430;180
Super Freaky Girl;Nicki Minaj;1;2022;8;12;4827;429;133
Super Freaky Girl;Nicki Minaj;1;2022;8;12;4827;429;133
OUT OUT (feat. Charli XCX & Saweetie);Charli XCX, Jax Jones, Joel Corry, Saweetie;4;2021;8;13;6890;427;124
All For Us - from the HBO Original Series Euphoria;Labrinth, Zendaya;2;2019;8;4;5342;426;141
Thunder;Prezioso, Gabry Ponte, LUM!X;3;2021;5;7;4846;423;101
Better Days (NEIKED x Mae Muller x Polo G);NEIKED, Mae Muller, Polo G;3;2021;9;24;4091;421;110
Notion;The Rare Occasions;1;2016;8;5;2393;421;160
Fuera del mercado;Danny Ocean;1;2022;2;17;2499;421;92
Better Days (NEIKED x Mae Muller x Polo G);NEIKED, Mae Muller, Polo G;3;2021;9;24;4091;421;110
Un Ratito;Bad Bunny;1;2022;5;6;1112;417;93
The Color Violet;Tory Lanez;1;2021;12;10;2585;416;105
The Color Violet;Tory Lanez;1;2021;12;10;2585;416;105
Happier Than Ever - Edit;Billie Eilish;1;2021;7;28;1959;413;81
Those Eyes;New West;1;2019;5;10;1507;412;120
Those Eyes;New West;1;2019;5;10;1507;412;120
Angel Baby;Troye Sivan;1;2021;9;9;1959;409;145
Shut up My Moms Calling;Hotel Ugly;1;2020;2;10;1788;405;139
Karma;Taylor Swift;1;2022;10;21;3818;405;90
Sleigh Ride;The Ronettes;1;1963;11;22;10114;405;92
No Se Va;Grupo Frontera;1;2022;4;28;924;405;173
Shut up My Moms Calling;Hotel Ugly;1;2020;2;10;1788;405;139
Karma;Taylor Swift;1;2022;10;21;3818;405;90
Sleigh Ride;The Ronettes;1;1963;11;22;10114;405;92
No Se Va;Grupo Frontera;1;2022;4;28;924;405;173
Wonderful Christmastime - Edited Version / Remastered 2011;Paul McCartney;1;1979;11;16;1685;404;95
Wonderful Christmastime - Edited Version / Remastered 2011;Paul McCartney;1;1979;11;16;1685;404;95
?????????????????????;Fujii Kaze;1;2020;5;20;685;403;158
?????????????????????;Fujii Kaze;1;2020;5;20;685;403;158
Un Coco;Bad Bunny;1;2022;5;6;1029;403;152
Superhero (Heroes & Villains) [with Future & Chris Brown];Future, Chris Brown, Metro Boomin;3;2022;12;2;2959;401;117
Superhero (Heroes & Villains) [with Future & Chris Brown];Future, Chris Brown, Metro Boomin;3;2022;12;2;2959;401;117
Snooze;SZA;1;2022;12;9;2839;400;143
Snooze;SZA;1;2022;12;9;2839;400;143
Ditto;NewJeans;1;2022;12;19;1154;398;134
Ditto;NewJeans;1;2022;12;19;1154;398;134
White Christmas;Bing Crosby, John Scott Trotter & His Orchestra, Ken Darby Singers;3;1942;1;1;11940;396;96
A Holly Jolly Christmas - Single Version;Burl Ives;1;1952;1;1;7930;396;140
White Christmas;Bing Crosby, John Scott Trotter & His Orchestra, Ken Darby Singers;3;1942;1;1;11940;396;96
A Holly Jolly Christmas - Single Version;Burl Ives;1;1952;1;1;7930;396;140
Jordan;Ryan Castro;1;2021;4;30;2844;394;180
Medallo;Justin Quiles, Lenny Tav??rez, BL;3;2021;10;27;2780;393;90
Medallo;Justin Quiles, Lenny Tav??rez, BL;3;2021;10;27;2780;393;90
Is There Someone Else?;The Weeknd;1;2022;1;7;2881;391;135
Is There Someone Else?;The Weeknd;1;2022;1;7;2881;391;135
The Christmas Song (Merry Christmas To You) - Remastered 1999;Nat King Cole;1;1946;11;1;11500;390;139
The Christmas Song (Merry Christmas To You) - Remastered 1999;Nat King Cole;1;1946;11;1;11500;390;139
Daylight;David Kushner;1;2023;4;14;3528;388;130
Daylight;David Kushner;1;2023;4;14;3528;388;130
Mary On A Cross;Ghost;1;2019;9;13;2668;387;130
Belly Dancer;BYOR, Imanbek;2;2022;2;18;5115;384;122
Smokin Out The Window;Bruno Mars, Anderson .Paak, Silk Sonic;3;2021;11;5;4963;384;82
Smokin Out The Window;Bruno Mars, Anderson .Paak, Silk Sonic;3;2021;11;5;4963;384;82
In The Stars;Benson Boone;1;2022;4;29;2224;382;78
Monoton?;Ozuna, Shakira;2;2022;10;19;3645;381;132
Punto G;Quevedo;1;2022;11;4;1985;381;92
Monoton?;Ozuna, Shakira;2;2022;10;19;3645;381;132
Punto G;Quevedo;1;2022;11;4;1985;381;92
Selfish;PnB Rock;1;2016;6;23;2468;380;102
Praise God;Kanye West;1;2021;8;29;4651;376;118
LA FAMA (with The Weeknd);The Weeknd, ROSAL?;2;2021;11;11;4640;375;136
Tiago PZK: Bzrp Music Sessions, Vol. 48;Bizarrap, Tiago pzk;2;2021;12;29;1678;374;96
Tiago PZK: Bzrp Music Sessions, Vol. 48;Bizarrap, Tiago pzk;2;2021;12;29;1678;374;96
People;Libianca;1;2022;12;2;3506;373;198
People;Libianca;1;2022;12;2;3506;373;198
Bloody Mary;Lady Gaga;1;2011;1;1;3909;372;100
Bloody Mary;Lady Gaga;1;2011;1;1;3909;372;100
Alien Blues;Vundabar;1;2015;7;24;1930;370;82
Something In The Way - Remastered 2021;Nirvana;1;1991;9;24;9514;369;106
You Proof;Morgan Wallen;1;2022;5;13;2128;368;120
You Proof;Morgan Wallen;1;2022;5;13;2128;368;120
"""Kesariya (From """"Brahmastra"""")""";Pritam, Arijit Singh, Amitabh Bhattacharya;3;2022;7;17;292;367;94
Bebe Dame;Fuerza Regida, Grupo Frontera;2;2022;12;16;849;367;157
"""Kesariya (From """"Brahmastra"""")""";Pritam, Arijit Singh, Amitabh Bhattacharya;3;2022;7;17;292;367;94
Bebe Dame;Fuerza Regida, Grupo Frontera;2;2022;12;16;849;367;157
Matilda;Harry Styles;1;2022;5;20;3218;366;114
Acapulco;Jason Derulo;1;2021;9;1;3098;363;122
Like Crazy;Jimin;1;2023;3;24;596;363;120
Hype Boy;NewJeans;1;2022;8;1;892;363;100
Like Crazy;Jimin;1;2023;3;24;596;363;120
Hype Boy;NewJeans;1;2022;8;1;892;363;100
Vista Al Mar;Quevedo;1;2022;9;8;1769;362;105
Vista Al Mar;Quevedo;1;2022;9;8;1769;362;105
METAMORPHOSIS;INTERWORLD;1;2021;11;25;1561;358;175
BESO;Rauw Alejandro, ROSAL?;2;2023;3;24;4053;358;95
METAMORPHOSIS;INTERWORLD;1;2021;11;25;1561;358;175
BESO;Rauw Alejandro, ROSAL?;2;2023;3;24;4053;358;95
I Hate U;SZA;1;2021;12;3;4094;357;107
I Hate U;SZA;1;2021;12;3;4094;357;107
Ley Seca;Anuel Aa, Jhay Cortez;2;2021;9;2;2012;355;105
BREAK MY SOUL;Beyonc?;1;2022;6;21;9724;355;115
Sad Girlz Luv Money Remix (feat. Kali Uchis);Kali Uchis, Amaarae, Moliy;3;2021;9;16;3643;354;110
El Azul;Junior H, Peso Pluma;2;2023;2;10;692;354;144
Sad Girlz Luv Money Remix (feat. Kali Uchis);Kali Uchis, Amaarae, Moliy;3;2021;9;16;3643;354;110
El Azul;Junior H, Peso Pluma;2;2023;2;10;692;354;144
Merry Christmas Everyone;Shakin  Stevens;1;1984;1;1;1087;352;101
Merry Christmas Everyone;Shakin  Stevens;1;1984;1;1;1087;352;101
Fingers Crossed;Lauren Spencer Smith, Lauren Spencer Smith, Lauren Spencer Smith;3;2022;1;5;2235;350;109
You Belong With Me (Taylor???s Ve;Taylor Swift;1;2021;4;9;2619;350;130
Fingers Crossed;Lauren Spencer Smith, Lauren Spencer Smith, Lauren Spencer Smith;3;2022;1;5;2235;350;109
You Belong With Me (Taylor???s Ve;Taylor Swift;1;2021;4;9;2619;350;130
X ??LTIMA;Daddy Yankee, Bad Bunny;2;2022;3;25;2697;350;90
You re On Your Own, Kid;Taylor Swift;1;2022;10;21;2537;349;120
You re On Your Own, Kid;Taylor Swift;1;2022;10;21;2537;349;120
this is what falling in love feels like;JVKE;1;2021;9;3;2005;346;129
The Feels;TWICE;1;2021;10;1;1150;346;120
CHORRITO PA LAS ANIMAS;Feid;1;2022;12;2;2321;345;96
CHORRITO PA LAS ANIMAS;Feid;1;2022;12;2;2321;345;96
Andrea;Buscabulla, Bad Bunny;2;2022;5;6;1195;344;103
she s all i wanna be;Tate McRae;1;2022;2;4;2711;343;160
Nonsense;Sabrina Carpenter;1;2022;7;15;2346;343;139
Super Gremlin;Kodak Black;1;2021;10;30;2551;343;73
Nonsense;Sabrina Carpenter;1;2022;7;15;2346;343;139
Super Gremlin;Kodak Black;1;2021;10;30;2551;343;73
Out of Time;The Weeknd;1;2022;1;7;3711;340;93
Out of Time;The Weeknd;1;2022;1;7;3711;340;93
TV;Billie Eilish;1;2022;7;21;3009;339;141
TV;Billie Eilish;1;2022;7;21;3009;339;141
Demasiadas Mujeres;C. Tangana;1;2020;10;8;2226;339;126
Dos Mil 16;Bad Bunny;1;2022;5;6;892;338;130
Music For a Sushi Restaurant;Harry Styles;1;2022;5;20;4449;335;107
Players;Coi Leray;1;2022;11;30;4096;335;105
Classy 101;Feid, Young Miko;2;2023;3;31;2610;335;100
Players;Coi Leray;1;2022;11;30;4096;335;105
Classy 101;Feid, Young Miko;2;2023;3;31;2610;335;100
STAR WALKIN  (League of Legends Worlds Anthem);Lil Nas X;1;2022;9;22;2616;333;142
STAR WALKIN  (League of Legends Worlds Anthem);Lil Nas X;1;2022;9;22;2616;333;142
La Llevo Al Cielo (Ft. ??engo F;Nengo Flow, Anuel Aa, Chris Jedi, Chencho Corleone;4;2022;5;20;3559;333;170
c??mo dormi;Rels B;1;2022;8;4;1452;332;126
Run BTS;BTS;1;2022;6;10;736;331;77
Por las Noches;Peso Pluma;1;2021;6;11;457;330;92
Por las Noches;Peso Pluma;1;2021;6;11;457;330;92
Bejeweled;Taylor Swift;1;2022;10;21;2699;328;164
Bejeweled;Taylor Swift;1;2022;10;21;2699;328;164
Sacrifice;The Weeknd;1;2022;1;7;4440;327;122
Sacrifice;The Weeknd;1;2022;1;7;4440;327;122
Excuses;Intense, AP Dhillon, Gurinder Gill;3;2020;7;24;272;327;95
0;Ti??sto, Tate M;2;2022;11;1;4942;326;120
0;Ti??sto, Tate M;2;2022;11;1;4942;326;120
Dreamers [Music from the FIFA World Cup Qatar 2022 Official Soundtrack];BTS, Jung Kook, FIFA Sound;3;2022;11;20;889;323;115
Snow On The Beach (feat. Lana Del Rey);Taylor Swift, Lana Del Rey;2;2022;10;21;2415;323;110
Dreamers [Music from the FIFA World Cup Qatar 2022 Official Soundtrack];BTS, Jung Kook, FIFA Sound;3;2022;11;20;889;323;115
Snow On The Beach (feat. Lana Del Rey);Taylor Swift, Lana Del Rey;2;2022;10;21;2415;323;110
JGL;Luis R Conriquez, La Adictiva;2;2022;2;18;782;323;113
GAT??;Maldy, Karol G;2;2022;8;25;3328;322;93
GAT??;Maldy, Karol G;2;2022;8;25;3328;322;93
Maan Meri Jaan;King;1;2022;10;12;288;320;96
Maan Meri Jaan;King;1;2022;10;12;288;320;96
Otro Atardecer;Bad Bunny, The Mar??;2;2022;5;6;1681;320;108
Ya No Somos Ni Seremos;Christian Nodal;1;2022;2;18;866;320;140
Christmas Tree;V;1;2021;12;24;509;318;139
Maroon;Taylor Swift;1;2022;10;21;2304;318;108
Maroon;Taylor Swift;1;2022;10;21;2304;318;108
La Zona;Bad Bunny;1;2020;2;29;1188;313;94
Yo No Soy Celoso;Bad Bunny;1;2022;5;6;1179;313;142
pushin P (feat. Young Thug);Young Thug, Future, Gunna;3;2022;1;7;3517;311;78
Satellite;Harry Styles;1;2022;5;20;3291;311;139
pushin P (feat. Young Thug);Young Thug, Future, Gunna;3;2022;1;7;3517;311;78
Shirt;SZA;1;2022;10;28;3469;310;120
Shirt;SZA;1;2022;10;28;3469;310;120
Besos Moja2;Wisin & Yandel, ROSAL?;2;2022;9;29;2460;309;94
Besos Moja2;Wisin & Yandel, ROSAL?;2;2022;9;29;2460;309;94
ULTRA SOLO;Polima WestCoast, Pailita;2;2022;2;14;1367;308;110
Fin de Semana;Oscar Maydon, Junior H;2;2023;1;13;592;307;98
Fin de Semana;Oscar Maydon, Junior H;2;2023;1;13;592;307;98
Me Fui de Vacaciones;Bad Bunny;1;2022;5;6;1443;306;85
LOVE DIVE;IVE;1;2022;4;5;753;306;118
Gato de Noche;Nengo Flow, Bad Bunny;2;2022;12;22;2651;304;94
PUNTO 40;Baby Rasta, Rauw Alejandro;2;2022;9;22;3006;304;107
Gato de Noche;Nengo Flow, Bad Bunny;2;2022;12;22;2651;304;94
PUNTO 40;Baby Rasta, Rauw Alejandro;2;2022;9;22;3006;304;107
SPIT IN MY FACE!;ThxSoMch;1;2022;10;31;629;303;94
WHERE SHE GOES;Bad Bunny;1;2023;5;18;3133;303;144
SPIT IN MY FACE!;ThxSoMch;1;2022;10;31;629;303;94
WHERE SHE GOES;Bad Bunny;1;2023;5;18;3133;303;144
WHERE SHE GOES;Bad Bunny;1;2023;5;18;3133;303;144
WHERE SHE GOES;Bad Bunny;1;2023;5;18;3133;303;144
SPIT IN MY FACE!;ThxSoMch;1;2022;10;31;573;302;166
SPIT IN MY FACE!;ThxSoMch;1;2022;10;31;573;302;166
Yet To Come;BTS;1;2022;6;10;829;302;172
Where Did You Go?;MNEK, Jax Jones;2;2022;1;26;4531;301;127
N95;Kendrick Lamar;1;2022;5;13;5542;301;140
ANTIFRAGILE;LE SSERAFIM;1;2022;10;17;761;301;105
ANTIFRAGILE;LE SSERAFIM;1;2022;10;17;761;301;105
Chale;Eden Mu??;1;2022;2;18;695;300;189
Sweetest Pie;Dua Lipa, Megan Thee Stallion;2;2022;3;11;3501;300;124
LET GO;Central Cee;1;2022;12;15;2301;298;146
LET GO;Central Cee;1;2022;12;15;2301;298;146
Lift Me Up - From Black Panther: Wakanda Forever - Music From and Inspired By;Rihanna;1;2022;10;28;3311;297;177
Lift Me Up - From Black Panther: Wakanda Forever - Music From and Inspired By;Rihanna;1;2022;10;28;3311;297;177
It s Beginning to Look a Lot Like Christmas (with Mitchell Ayres & His Orchestra);Perry Como, The Fontane Sisters, Mitchell Ayres & His Orchestra;3;1958;1;1;6290;296;113
It s Beginning to Look a Lot Like Christmas (with Mitchell Ayres & His Orchestra);Perry Como, The Fontane Sisters, Mitchell Ayres & His Orchestra;3;1958;1;1;6290;296;113
Numb;Marshmello, Khalid;2;2022;6;10;3879;295;120
Siempre Pendientes;Peso Pluma, Luis R Conriquez;2;2022;8;15;685;295;136
CAIRO;Karol G, Ovy On The Drums;2;2022;11;13;2418;294;115
CAIRO;Karol G, Ovy On The Drums;2;2022;11;13;2418;294;115
ceilings;Lizzy McAlpine;1;2022;4;8;3242;293;148
ceilings;Lizzy McAlpine;1;2022;4;8;3242;293;148
Last Last;Burna Boy;1;2022;5;12;4526;293;88
Mal Feito - Ao Vivo;Mar??lia Mendon??a, Hugo & G;2;2022;1;14;971;292;124
Daylight;Harry Styles;1;2022;5;20;2775;291;146
Every Summertime;NIKI;1;2021;8;10;1211;290;79
Ch y la Pizza;Fuerza Regida, Natanael Cano;2;2022;12;1;536;288;149
Ch y la Pizza;Fuerza Regida, Natanael Cano;2;2022;12;1;536;288;149
It ll Be Okay;Shawn Mendes;1;2021;12;1;1950;287;78
It ll Be Okay;Shawn Mendes;1;2021;12;1;1950;287;78
El Rescate;Grupo Marca Registrada, Junior H;2;2022;7;22;527;287;99
Crazy What Love Can Do;David Guetta, Ella Henderson, Becky Hill;3;2022;3;18;5290;287;123
Too Many Nights (feat. Don Toliver & with Future);Future, Metro Boomin, Don Toliver;3;2022;12;2;2110;286;88
Too Many Nights (feat. Don Toliver & with Future);Future, Metro Boomin, Don Toliver;3;2022;12;2;2110;286;88
Radio;Lana Del Rey;1;2011;1;1;9389;285;150
How Do I Say Goodbye;Dean Lewis;1;2022;8;5;2163;285;82
Nobody Gets Me;SZA;1;2022;12;9;2536;285;100
Radio;Lana Del Rey;1;2011;1;1;9389;285;150
How Do I Say Goodbye;Dean Lewis;1;2022;8;5;2163;285;82
Nobody Gets Me;SZA;1;2022;12;9;2536;285;100
Hold Me Closer;Elton John, Britney Spears;2;2017;11;10;4967;284;126
Pasoori;Shae Gill, Ali Sethi;2;2022;2;6;349;284;92
Aguacero;Bad Bunny;1;2022;5;6;829;283;121
Un Verano Sin Ti;Bad Bunny;1;2022;5;6;1004;283;188
Forever;Labrinth;1;2019;10;4;3618;283;80
Ens????ame;Bad Bunny;1;2022;5;6;1112;280;105
ULTRA SOLO REMIX;De La Ghetto, Feid, Polima WestCoast, Paloma Mami, Pailita;5;2022;6;16;2341;280;110
Ferxxo 100;Feid;1;2022;6;3;1647;279;164
BILLIE EILISH.;Armani White;1;2022;1;20;2537;277;100
Trance (with Travis Scott & Young Thug);Travis Scott, Young Thug, Metro Boomin;3;2022;12;2;1682;276;119
Trance (with Travis Scott & Young Thug);Travis Scott, Young Thug, Metro Boomin;3;2022;12;2;1682;276;119
Caile;Luar La L;1;2020;12;18;1494;274;122
Little Freak;Harry Styles;1;2022;5;20;2302;273;142
Pantysito;Feid, Alejo, Robi;3;2022;3;18;2995;273;98
Cooped Up (with Roddy Ricch);Post Malone, Roddy Ricch;2;2022;5;12;2942;272;125
Low;SZA;1;2022;12;9;1911;272;145
Low;SZA;1;2022;12;9;1911;272;145
Le?;Mar??lia Mendo;1;2022;12;9;993;268;130
Surface Pressure;Jessica Darrow;1;2021;11;19;1756;268;180
Le?;Mar??lia Mendo;1;2022;12;9;993;268;130
Surface Pressure;Jessica Darrow;1;2021;11;19;1756;268;180
X SI VOLVEMOS;Karol G, Romeo Santos;2;2023;2;2;2127;267;178
X SI VOLVEMOS;Karol G, Romeo Santos;2;2023;2;2;2127;267;178
Car s Outside;James Arthur;1;2019;10;18;794;266;150
Car s Outside;James Arthur;1;2019;10;18;794;266;150
After LIKE;IVE;1;2022;8;22;767;266;125
Attention;NewJeans;1;2022;8;1;799;265;105
Mon??y so;YEAT;1;2021;9;10;1473;264;138
Vai L?? Em Casa;Mar??lia Mendon??a, George Henrique &;2;2021;10;22;772;264;158
Ojos Marrones;Lasso;1;2022;2;6;795;263;120
Bombonzinho - Ao Vivo;Israel & Rodolffo, Ana Castela;2;2022;11;3;1254;263;158
Bombonzinho - Ao Vivo;Israel & Rodolffo, Ana Castela;2;2022;11;3;1254;263;158
My Only Wish (This Year);Britney Spears;1;2000;11;7;6952;261;147
Salimo de Noche;Trueno, Tiago pzk;2;2021;10;21;1057;261;84
My Only Wish (This Year);Britney Spears;1;2000;11;7;6952;261;147
Peru;Ed Sheeran, Fireboy DML;2;2021;12;23;2999;261;108
Salimo de Noche;Trueno, Tiago pzk;2;2021;10;21;1057;261;84
Numb Little Bug;Em Beihold;1;2022;1;28;2026;259;85
Esque??a-Me Se For C;Mar??lia Mendon??a, Maiara &;2;2021;10;14;580;258;122
El Gordo Trae El Mando;Chino Pacas;1;2023;1;27;539;256;140
Moonlight;Kali Uchis;1;2023;2;24;2649;256;137
Moonlight;Kali Uchis;1;2023;2;24;2649;256;137
El Gordo Trae El Mando;Chino Pacas;1;2023;1;27;539;256;140
When You re Gone;Shawn Mendes;1;2022;3;31;2092;255;147
PUFFIN ON ZOOTIEZ;Future;1;2022;4;29;2350;254;125
Vigilante Shit;Taylor Swift;1;2022;10;21;1948;254;80
Down Under (feat. Colin Hay);Luude, Colin Hay;2;2021;11;19;3541;253;172
Coco Chanel;Bad Bunny, Eladio Carrion;2;2023;3;17;1962;250;150
Coco Chanel;Bad Bunny, Eladio Carrion;2;2023;3;17;1962;250;150
Villano Antillano: Bzrp Music Sessions, Vol. 51;Bizarrap, Villano Antillano;2;2022;6;8;1401;249;128
2 Be Loved (Am I Ready);Lizzo;1;2022;7;14;3682;248;156
ELEVEN;IVE;1;2021;12;1;521;248;120
Rara Vez;Taiu, Milo j;2;2023;2;8;893;248;120
Rara Vez;Taiu, Milo j;2;2023;2;8;893;248;120
Die For You;Joji;1;2022;11;4;1703;246;148
Die For You;Joji;1;2022;11;4;1703;246;148
Stay Alive (Prod. SUGA of BTS);Jung Kook;1;2022;2;11;590;246;130
Agosto;Bad Bunny;1;2022;5;6;897;246;115
Thousand Miles;The Kid Laroi;1;2022;4;22;2050;245;81
San Lucas;Kevin Kaarl;1;2019;11;7;407;245;92
Cay?? La Noche (feat. Cruz Cafun??, Abhir Hathi, Bejo, EL IMA);Quevedo, La Pantera, Juseph, Cruz Cafun??, B??jo, Abhir Hathi;7;2022;1;14;1034;245;174
TO THE MOON;Jnr Choi;1;2021;11;5;2979;245;144
THE SHADE;Rex Orange County;1;2022;3;11;1189;245;120
Afraid To Feel;LF System;1;2022;5;2;5898;245;128
B.O.T.A. (Baddest Of Them All) - Edit;Interplanetary Criminal, Eliza Rose;2;2022;6;15;5153;245;137
Run Rudolph Run - Single Version;Chuck Berry;1;1958;1;1;8612;245;152
Heart To Heart;Mac DeMarco;1;2019;5;10;1640;245;150
Run Rudolph Run - Single Version;Chuck Berry;1;1958;1;1;8612;245;152
Heart To Heart;Mac DeMarco;1;2019;5;10;1640;245;150
TO THE MOON;Jnr Choi;1;2021;11;5;2979;245;144
Christmas (Baby Please Come Home);Darlene Love;1;1963;11;22;9122;243;126
Christmas (Baby Please Come Home);Darlene Love;1;1963;11;22;9122;243;126
Malvad??;Xam??, Gustah, Neo B;3;2021;11;30;648;241;133
Malvad??;Xam??, Gustah, Neo B;3;2021;11;30;648;241;133
Don t You Worry;David Guetta, Shakira, Black Eyed Peas;3;2022;6;16;2442;241;132
Ginseng Strip 2002;Yung Lean;1;2013;8;16;4310;241;115
With you;HA SUNG WOON, Jimin;2;2022;4;24;343;241;150
Plan A;Paulo Londra;1;2022;3;23;1105;241;174
Forget Me;Lewis Capaldi;1;2022;9;9;2520;239;102
Hold My Hand;Lady Gaga;1;2022;5;3;2528;238;148
Die Hard;Kendrick Lamar, Blxst, Amanda Reifer;3;2022;5;13;4627;237;101
Tom s Diner;AnnenMayKantereit, Giant Rooks;2;2019;6;28;2605;237;98
Entre Nosotros (Remix) [con Nicki Nicole];Lit Killah, Maria Becerra, Tiago pzk, NICKI NICOLE;4;2022;1;5;759;237;170
Qu?? Ago;Yuridia, Angela Aguilar;2;2022;10;20;660;237;98
Entre Nosotros (Remix) [con Nicki Nicole];Lit Killah, Maria Becerra, Tiago pzk, NICKI NICOLE;4;2022;1;5;759;237;170
Qu?? Ago;Yuridia, Angela Aguilar;2;2022;10;20;660;237;98
Keep Driving;Harry Styles;1;2022;5;20;2094;236;165
Typa Girl;BLACKPINK;1;2022;9;16;452;236;132
Love Of My Life;Harry Styles;1;2022;5;20;1933;234;118
Nosso Quadro;Ana Castela, AgroPlay;2;2023;2;2;894;234;160
Nosso Quadro;Ana Castela, AgroPlay;2;2023;2;2;894;234;160
FLOWER;JISOO;1;2023;3;31;839;233;124
FLOWER;JISOO;1;2023;3;31;839;233;124
SUPERMODEL;M??ne;1;2022;5;13;2265;232;121
Mujeriego;Ryan Castro;1;2021;12;17;1492;232;80
MERCHO;Migrantes, LiL CaKe, Nico Valdi;3;2022;12;16;1267;231;93
MERCHO;Migrantes, LiL CaKe, Nico Valdi;3;2022;12;16;1267;231;93
FEARLESS;LE SSERAFIM;1;2022;5;2;629;229;104
Starlight;Dave;1;2022;3;3;1856;229;124
Evergreen (You Didn???t Deserve Me A;Omar Apollo;1;2022;4;8;2499;228;82
Evergreen (You Didn???t Deserve Me A;Omar Apollo;1;2022;4;8;2499;228;82
When I???m Gone (with Katy;Katy Perry, Alesso;2;2021;12;29;3270;227;125
THE LONELIEST;M??ne;1;2022;10;7;1585;225;130
I AM WOMAN;Emmy Meli;1;2021;11;18;2795;225;170
I AM WOMAN;Emmy Meli;1;2021;11;18;2795;225;170
Marisola - Remix;Duki, NICKI NICOLE, Cris Mj, Standly, Stars Music Chile;5;2022;12;15;1845;224;95
El Merengue;Marshmello, Manuel Turizo;2;2023;3;3;2114;224;124
Marisola - Remix;Duki, NICKI NICOLE, Cris Mj, Standly, Stars Music Chile;5;2022;12;15;1845;224;95
El Merengue;Marshmello, Manuel Turizo;2;2023;3;3;2114;224;124
Eu Gosto Assim - Ao Vivo;Gustavo Mioto, Mari Fernandez;2;2022;9;16;1473;223;154
Eu Gosto Assim - Ao Vivo;Gustavo Mioto, Mari Fernandez;2;2022;9;16;1473;223;154
Question...?;Taylor Swift;1;2022;10;21;1608;223;109
Se Le Ve;Arcangel, De La Ghetto, Justin Quiles, Lenny Tav??rez, Sech, Dalex, Dimelo Flow, Rich Music;8;2021;8;12;1560;223;84
Betty (Get Money);Yung Gravy;1;2022;6;10;2402;222;102
KU LO SA - A COLORS SHOW;Oxlade;1;2022;6;10;2019;222;93
PLAYA DEL INGL?;Myke Towers, Quevedo;2;2022;12;15;1701;221;113
PLAYA DEL INGL?;Myke Towers, Quevedo;2;2022;12;15;1701;221;113
Bad Decisions (with BTS & Snoop Dogg);Snoop Dogg, BTS, Benny Blanco;3;2022;8;5;1456;219;120
Mastermind;Taylor Swift;1;2022;10;21;1936;218;126
Cupido;Tini;1;2023;2;14;1240;218;120
Cupido;Tini;1;2023;2;14;1240;218;120
POP!;Nayeon;1;2022;6;24;571;214;97
WORTH NOTHING;Twisted, Oliver Tree;2;2022;9;28;1612;213;140
WORTH NOTHING;Twisted, Oliver Tree;2;2022;9;28;1612;213;140
MANIAC;Stray Kids;1;2022;3;18;651;212;120
That That (prod. & feat. SUGA of BTS);PSY, Suga;2;2022;4;29;802;212;130
El Apag?;Bad Bunny;1;2022;5;6;1209;212;118
Polaroid Love;ENHYPEN;1;2022;1;10;461;211;138
Miracle (with Ellie Goulding);Calvin Harris, Ellie Goulding;2;2023;3;10;5120;211;143
Miracle (with Ellie Goulding);Calvin Harris, Ellie Goulding;2;2023;3;10;5120;211;143
KICK BACK;Kenshi Yonezu;1;2022;10;12;574;210;102
KICK BACK;Kenshi Yonezu;1;2022;10;12;574;210;102
Problem?;Alvaro Diaz, Rauw Alejandro;2;2021;10;22;1517;210;92
Sin Se??;Ovy On The Drums, Quevedo;2;2022;7;22;1097;209;118
DAN??A;Mc Pedrinho, Pedro Sampaio;2;2022;2;1;911;208;135
Watch This - ARIZONATEARS Pluggnb Remix;sped up nightcore, ARIZONATEARS, Lil Uzi Vert;3;2023;2;5;1638;207;130
Watch This - ARIZONATEARS Pluggnb Remix;sped up nightcore, ARIZONATEARS, Lil Uzi Vert;3;2023;2;5;1638;207;130
MIENTRAS ME CURO DEL CORA;Karol G;1;2023;2;24;1020;206;80
MIENTRAS ME CURO DEL CORA;Karol G;1;2023;2;24;1020;206;80
When I R.I.P.;Labrinth;1;2019;10;4;2578;204;80
Hati-Hati di Jalan;Tulus;1;2022;3;3;200;203;72
The Astronaut;Jin;1;2022;10;28;481;203;125
Thought You Should Know;Morgan Wallen;1;2022;5;6;968;203;140
Thought You Should Know;Morgan Wallen;1;2022;5;6;968;203;140
Tattoo;Loreen;1;2023;2;25;2988;202;150
Tattoo;Loreen;1;2023;2;25;2988;202;150
Static;Steve Lacy;1;2022;7;15;1613;202;79
Bar;Tini, L-Gante;2;2021;11;11;755;201;94
Peso Pluma: Bzrp Music Sessions, Vol. 55;Bizarrap, Peso Pluma;2;2023;5;31;1313;201;133
Less Than Zero;The Weeknd;1;2022;1;7;2800;201;143
Peso Pluma: Bzrp Music Sessions, Vol. 55;Bizarrap, Peso Pluma;2;2023;5;31;1313;201;133
Less Than Zero;The Weeknd;1;2022;1;7;2800;201;143
Grapejuice;Harry Styles;1;2022;5;20;1986;200;183
DANCE CRIP;Trueno;1;2021;11;17;731;199;106
Limbo;Freddie Dredd;1;2022;8;11;688;199;75
Limbo;Freddie Dredd;1;2022;8;11;688;199;75
En Paris;El Chachito, Junior H;2;2022;12;24;406;198;139
En Paris;El Chachito, Junior H;2;2022;12;24;406;198;139
IDGAF (with blackbear);Blackbear, BoyWithUke;2;2022;3;18;625;198;98
Spin Bout U;Drake, 21 Savage;2;2022;11;4;1652;198;130
Pass The Dutchie;Musical Youth;1;1982;1;1;5328;196;151
Massive;Drake;1;2022;6;17;5263;196;125
Niagara Falls (Foot or 2) [with Travis Scott & 21 Savage];Travis Scott, 21 Savage, Metro Boomin;3;2022;12;2;1602;196;88
Eyes Closed;Ed Sheeran;1;2023;3;23;2915;196;107
Niagara Falls (Foot or 2) [with Travis Scott & 21 Savage];Travis Scott, 21 Savage, Metro Boomin;3;2022;12;2;1602;196;88
Eyes Closed;Ed Sheeran;1;2023;3;23;2915;196;107
True Love;Kanye West, XXXTENTACION;2;2022;5;27;2129;195;84
Nail Tech;Jack Harlow;1;2022;2;18;2939;193;150
Pipoco;Melody, Ana Castela, Dj Chris No Beat;3;2022;5;20;1112;192;135
La Bebe;Yng Lvcas;1;2021;12;24;489;192;170
La Bebe;Yng Lvcas;1;2021;12;24;489;192;170
Sticky;Drake;1;2022;6;17;2814;191;137
Pussy & Millions (feat. Travis Scott);Drake, Travis Scott, 21 Savage;3;2022;11;4;1930;191;122
In My Head;Lil Tjay;1;2022;4;1;1185;191;143
Potion (with Dua Lipa & Young Thug);Calvin Harris, Dua Lipa, Young Thug;3;2022;5;27;3983;191;100
Slut Me Out;NLE Choppa;1;2022;4;22;816;190;121
Slut Me Out;NLE Choppa;1;2022;4;22;816;190;121
Fr??gil (feat. Grupo Front;Yahritza Y Su Esencia, Grupo Frontera;2;2023;4;7;672;189;150
Fr??gil (feat. Grupo Front;Yahritza Y Su Esencia, Grupo Frontera;2;2023;4;7;672;189;150
Talk that Talk;TWICE;1;2022;8;26;615;189;120
Cinema;Harry Styles;1;2022;5;20;2171;189;106
Daydreaming;Harry Styles;1;2022;5;20;1900;188;114
Casei Com a Putaria;MC Ryan SP, Love Funk, Mc Paiva ZS;3;2022;7;1;648;188;161
Vampiro;"Matu??, Wiu, ";3;2022;1;30;540;188;115
Labyrinth;Taylor Swift;1;2022;10;21;1597;187;110
Sweet Nothing;Taylor Swift;1;2022;10;21;1747;186;177
10 Things I Hate About You;Leah Kate;1;2022;3;23;1301;186;154
TUS L??GR;Sech, Mora;2;2022;4;1;1308;185;174
Good Looking;Suki Waterhouse;1;2017;10;20;2264;185;150
Flowers;Lauren Spencer Smith;1;2021;8;9;801;185;138
The Family Madrigal;Olga Merediz, Stephanie Beatriz, Encanto - Cast;3;2021;11;19;1150;185;141
Cigarettes;Juice WRLD;1;2021;12;10;975;185;160
Tak Ingin Usai;Keisya Levronka;1;2022;5;13;220;185;130
Prohibidox;Feid;1;2022;9;13;1473;185;180
GIVENCHY;Duki;1;2022;7;20;625;185;103
All Of The Girls You Loved Before;Taylor Swift;1;2019;8;23;1282;185;96
All Of The Girls You Loved Before;Taylor Swift;1;2019;8;23;1282;185;96
Escapism. - Sped Up;RAYE, 070 Shake;2;2022;11;25;1368;184;108
Sprinter;Dave, Central Cee;2;2023;6;1;2186;184;141
Sprinter;Dave, Central Cee;2;2023;6;1;2186;184;141
Sprinter;Dave, Central Cee;2;2023;6;1;2186;184;141
Escapism. - Sped Up;RAYE, 070 Shake;2;2022;11;25;1368;184;108
Sprinter;Dave, Central Cee;2;2023;6;1;2186;184;141
295;Sidhu Moose Wala;1;2021;5;15;246;183;90
DARARI;Treasure;1;2022;2;15;328;183;85
Shut up My Moms Calling - (Sped Up);Hotel Ugly;1;2022;9;14;713;182;85
Shut up My Moms Calling - (Sped Up);Hotel Ugly;1;2022;9;14;713;182;85
You Make It Feel Like Christmas (feat. Blake Shelton);Gwen Stefani, Blake Shelton;2;2005;9;20;2577;181;93
You Make It Feel Like Christmas (feat. Blake Shelton);Gwen Stefani, Blake Shelton;2;2005;9;20;2577;181;93
Hrs and Hrs;Muni Long;1;2021;11;19;1800;181;140
The Great War;Taylor Swift;1;2022;10;21;1274;181;96
Tak Segampang Itu;Anggi Marito;1;2022;12;2;213;180;130
Tak Segampang Itu;Anggi Marito;1;2022;12;2;213;180;130
Jingle Bells - Remastered 1999;Frank Sinatra;1;1957;1;1;4326;179;175
Jingle Bells - Remastered 1999;Frank Sinatra;1;1957;1;1;4326;179;175
Si Te La Encuentras Por Ah?;Feid;1;2022;8;5;1379;179;172
Si Quieren Frontear;De La Ghetto, Duki, Quevedo;3;2022;3;31;859;179;82
Would ve, Could ve, Should ve;Taylor Swift;1;2022;10;21;1715;178;158
Baby Don t Hurt Me;David Guetta, Anne-Marie, Coi Leray;3;2023;4;6;4277;178;128
Baby Don t Hurt Me;David Guetta, Anne-Marie, Coi Leray;3;2023;4;6;4277;178;128
TQM;Fuerza Regida;1;2023;5;19;584;177;125
TQM;Fuerza Regida;1;2023;5;19;584;177;125
S??;Anuel Aa, Myke Towers, Jhay Cortez;3;2021;11;18;903;177;90
sentaDONA (Remix) s2;Lu??sa Sonza, MC Frog, Dj Gabriel do Borel, Davi K;4;2022;3;17;870;176;135
Celestial;Ed Sheeran;1;2022;9;29;1639;176;123
Ai Preto;L7nnon, DJ Biel do Furduncinho, Bianca;3;2022;6;3;894;176;130
Search & Rescue;Drake;1;2023;4;7;2066;175;142
WANDA;Quevedo;1;2023;1;20;888;175;176
Search & Rescue;Drake;1;2023;4;7;2066;175;142
WANDA;Quevedo;1;2023;1;20;888;175;176
Like Crazy (English Version);Jimin;1;2023;3;24;373;174;120
Evoque Prata;DJ Escobar, MC MENOR SG, MC MENOR HR;3;2022;9;9;852;174;87
Like Crazy (English Version);Jimin;1;2023;3;24;373;174;120
Evoque Prata;DJ Escobar, MC MENOR SG, MC MENOR HR;3;2022;9;9;852;174;87
Rich Spirit;Kendrick Lamar;1;2022;5;13;3486;174;96
Chemical;Post Malone;1;2023;4;14;2528;173;170
Chemical;Post Malone;1;2023;4;14;2528;173;170
ALIEN SUPERSTAR;Beyonc?;1;2022;7;29;2688;172;122
STAYING ALIVE (feat. Drake & Lil Baby);Drake, DJ Khaled, Lil Baby;3;2022;8;5;2107;171;130
Nxde;(G)I-DLE;1;2022;10;17;430;171;136
On BS;Drake, 21 Savage;2;2022;11;4;1338;170;158
Gatita;Bellakath;1;2022;10;3;1054;169;101
Gatita;Bellakath;1;2022;10;3;1054;169;101
Set Me Free Pt.2;Jimin;1;2023;3;17;340;168;132
Set Me Free Pt.2;Jimin;1;2023;3;17;340;168;132
Sial;Mahalini;1;2023;1;23;134;167;120
Sial;Mahalini;1;2023;1;23;134;167;120
Dos Oruguitas;Sebastian Yatra;1;2021;11;19;925;167;94
If We Ever Broke Up;Mae Stephens;1;2023;2;10;2040;166;116
If We Ever Broke Up;Mae Stephens;1;2023;2;10;2040;166;116
Makeba;Jain;1;2015;6;22;6060;165;116
Makeba;Jain;1;2015;6;22;6060;165;116
En El Radio Un Cochinero;Victor Cibrian;1;2022;5;13;514;165;154
Paulo Londra: Bzrp Music Sessions, Vol. 23;Bizarrap, Paulo Londra;2;2022;4;25;928;164;96
Shorty Party;Cartel De Santa, La Kelly;2;2023;3;4;432;163;96
Blind;SZA;1;2022;12;9;1484;163;114
Shorty Party;Cartel De Santa, La Kelly;2;2023;3;4;432;163;96
Blind;SZA;1;2022;12;9;1484;163;114
Chanel;Becky G, Peso Pluma;2;2023;3;30;681;161;132
Chanel;Becky G, Peso Pluma;2;2023;3;30;681;161;132
Die Young (feat. 347aidan);Sleepy hallow, 347aidan;2;2022;5;25;896;161;77
Beautiful Girl;Luciano;1;2022;4;22;710;160;140
BABY OTAKU;Fran C, Polima WestCoast, Nickoog Clk, Pablito Pesadilla;4;2022;8;18;836;159;102
Igualito a Mi Ap?;Fuerza Regida, Peso Pluma;2;2022;12;30;265;159;145
Igualito a Mi Ap?;Fuerza Regida, Peso Pluma;2;2022;12;30;265;159;145
RUMBAT?;Daddy Yankee;1;2022;3;25;1264;158;95
United In Grief;Kendrick Lamar;1;2022;5;13;2575;157;87
Pope Is a Rockstar;SALES;1;2016;4;20;1966;157;90
Antes de Perderte;Duki;1;2022;6;2;584;157;110
Kahani Suno 2.0;Kaifi Khalil;1;2022;5;31;162;157;140
Fast Car;Luke Combs;1;2023;3;24;1446;157;98
Kahani Suno 2.0;Kaifi Khalil;1;2022;5;31;162;157;140
Fast Car;Luke Combs;1;2023;3;24;1446;157;98
Boy s a liar Pt. 2;PinkPantheress, Ice Spice;2;2023;2;3;5184;156;133
Boy s a liar;PinkPantheress;1;2022;11;30;1225;156;133
Malas Decisiones;Kenia OS;1;2022;10;26;542;156;110
Open Arms (feat. Travis Scott);SZA, Travis Scott;2;2022;12;8;1420;156;78
Boy s a liar Pt. 2;PinkPantheress, Ice Spice;2;2023;2;3;5184;156;133
Boy s a liar;PinkPantheress;1;2022;11;30;1225;156;133
Malas Decisiones;Kenia OS;1;2022;10;26;542;156;110
Open Arms (feat. Travis Scott);SZA, Travis Scott;2;2022;12;8;1420;156;78
MORE;j-hope;1;2022;7;1;565;156;97
Major Distribution;Drake, 21 Savage;2;2022;11;4;1545;155;131
What Else Can I Do?;Stephanie Beatriz, Diane Guerrero;2;2021;11;19;802;155;120
Malvada;Z?? Fe;1;2022;1;28;601;154;135
Miss You;Southstar;1;1982;5;16;2020;154;145
Freaky Deaky;Tyga, Doja Cat;2;2022;2;25;1729;153;104
VIBE (feat. Jimin of BTS);TAEYANG, Jimin;2;2023;1;13;415;153;100
AMARGURA;Karol G;1;2023;2;24;1133;153;107
Erro Gostoso - Ao Vivo;Simone Mendes;1;2023;1;27;984;153;154
VIBE (feat. Jimin of BTS);TAEYANG, Jimin;2;2023;1;13;415;153;100
AMARGURA;Karol G;1;2023;2;24;1133;153;107
Erro Gostoso - Ao Vivo;Simone Mendes;1;2023;1;27;984;153;154
Dua Lipa;Jack Harlow;1;2022;5;6;1992;151;158
Tormenta (feat. Bad Bunny);Gorillaz, Bad Bunny;2;2023;2;24;1529;150;95
Tormenta (feat. Bad Bunny);Gorillaz, Bad Bunny;2;2023;2;24;1529;150;95
One Thing At A Time;Morgan Wallen;1;2022;12;2;811;148;142
Love Again;The Kid Laroi;1;2023;1;27;1283;148;107
One Thing At A Time;Morgan Wallen;1;2022;12;2;811;148;142
Love Again;The Kid Laroi;1;2023;1;27;1283;148;107
Talk;YEAT;1;2022;9;2;920;148;140
The Joker And The Queen (feat. Taylor Swift);Ed Sheeran, Taylor Swift;2;2022;2;11;1430;147;134
Di Que Si;Grupo Marca Registrada, Grupo Frontera;2;2023;2;3;356;147;182
Di Que Si;Grupo Marca Registrada, Grupo Frontera;2;2023;2;3;356;147;182
Mas Rica Que Ayer;Mambo Kingz, DJ Luian, Anuel Aa;3;2023;3;2;1208;146;94
Mas Rica Que Ayer;Mambo Kingz, DJ Luian, Anuel Aa;3;2023;3;2;1208;146;94
That s Hilarious;Charlie Puth;1;2022;4;8;686;146;108
Bamba (feat. Aitch & BIA);Luciano, Aitch, B?;3;2022;9;22;869;146;138
Heaven;Niall Horan;1;2023;2;17;1553;145;92
Oi Balde - Ao Vivo;Z?? Neto & Crist;1;2023;2;14;845;145;108
All My Life (feat. J. Cole);J. Cole, Lil Durk;2;2023;5;12;2175;145;143
Heaven;Niall Horan;1;2023;2;17;1553;145;92
Oi Balde - Ao Vivo;Z?? Neto & Crist;1;2023;2;14;845;145;108
All My Life (feat. J. Cole);J. Cole, Lil Durk;2;2023;5;12;2175;145;143
????????????;YOASOBI;1;2023;4;12;356;144;166
????????????;YOASOBI;1;2023;4;12;356;144;166
212;Mainstreet, Chefin;2;2022;1;15;352;143;154
Circo Loco;Drake, 21 Savage;2;2022;11;4;1794;142;104
Un Finde | CROSSOVER #2;Big One, FMK, Ke personajes;3;2023;4;4;561;142;192
Un Finde | CROSSOVER #2;Big One, FMK, Ke personajes;3;2023;4;4;561;142;192
Seven (feat. Latto) (Explicit Ver.);Latto, Jung Kook;2;2023;7;14;553;141;125
Seven (feat. Latto) (Explicit Ver.);Latto, Jung Kook;2;2023;7;14;553;141;125
Seven (feat. Latto) (Explicit Ver.);Latto, Jung Kook;2;2023;7;14;553;141;125
Seven (feat. Latto) (Explicit Ver.);Latto, Jung Kook;2;2023;7;14;553;141;125
vampire;Olivia Rodrigo;1;2023;6;30;1397;140;138
"""Apna Bana Le (From """"Bhediya"""")""";Arijit Singh, Sachin-Jigar;2;2022;11;5;86;140;94
"""Besharam Rang (From """"Pathaan"""")""";Vishal-Shekhar, Shilpa Rao, Caralisa Monteiro, Kumaar, Vishal Dadlani, Shekhar Ravjiani;6;2022;12;12;130;140;116
Cupid;Fifty Fifty;1;2023;2;24;526;140;120
vampire;Olivia Rodrigo;1;2023;6;30;1397;140;138
vampire;Olivia Rodrigo;1;2023;6;30;1397;140;138
vampire;Olivia Rodrigo;1;2023;6;30;1397;140;138
"""Apna Bana Le (From """"Bhediya"""")""";Arijit Singh, Sachin-Jigar;2;2022;11;5;86;140;94
"""Besharam Rang (From """"Pathaan"""")""";Vishal-Shekhar, Shilpa Rao, Caralisa Monteiro, Kumaar, Vishal Dadlani, Shekhar Ravjiani;6;2022;12;12;130;140;116
Cupid;Fifty Fifty;1;2023;2;24;526;140;120
I Really Want to Stay at Your House;Rosa Walton, Hallie Coggins;2;2020;12;18;668;140;125
Fim de Semana no Rio;teto;1;2022;3;30;315;139;119
Seu Brilho Sumiu - Ao Vivo;Israel & Rodolffo, Mari Fernandez;2;2023;3;1;967;139;154
Seu Brilho Sumiu - Ao Vivo;Israel & Rodolffo, Mari Fernandez;2;2023;3;1;967;139;154
Nos Comemos (feat. Ozuna);Ozuna, Tiago pzk;2;2022;6;2;896;138;92
Boyfriends;Harry Styles;1;2022;5;20;1517;137;118
ZOOM;Jessi;1;2022;4;13;608;137;100
Cash In Cash Out;Pharrell Williams, Tyler, The Creator, 21 Savage;4;2022;6;10;2313;137;120
Komang;Raim Laode;1;2022;8;16;158;137;134
Antidepresan;Mabel Matiz, Mert Demir;2;2022;11;4;313;137;100
Komang;Raim Laode;1;2022;8;16;158;137;134
Antidepresan;Mabel Matiz, Mert Demir;2;2022;11;4;313;137;100
Wild Flower (with youjeen);RM;1;2022;12;2;353;136;155
Merry Christmas;Ed Sheeran, Elton John;2;2017;11;10;2209;136;114
Wild Flower (with youjeen);RM;1;2022;12;2;353;136;155
Merry Christmas;Ed Sheeran, Elton John;2;2017;11;10;2209;136;114
O.O;NMIXX;1;2022;2;22;290;135;200
Brividi;Mahmood, Blanco;2;2022;2;2;1175;135;123
En La De Ella;Feid, Sech, Jhayco;3;2022;10;20;1320;134;97
TRUSTFALL;P!nk;1;2023;1;27;2098;134;122
Zona De Perigo;Leo Santana;1;2022;12;8;531;134;135
Angel Pt 1 (feat. Jimin of BTS, JVKE & Muni Long);Kodak Black, NLE Choppa, Muni Long, JVKE, Jimin;5;2023;5;1;577;134;74
LALA;Myke Towers;1;2023;3;23;1474;134;92
TRUSTFALL;P!nk;1;2023;1;27;2098;134;122
Zona De Perigo;Leo Santana;1;2022;12;8;531;134;135
Angel Pt 1 (feat. Jimin of BTS, JVKE & Muni Long);Kodak Black, NLE Choppa, Muni Long, JVKE, Jimin;5;2023;5;1;577;134;74
LALA;Myke Towers;1;2023;3;23;1474;134;92
LALA;Myke Towers;1;2023;3;23;1474;134;92
LALA;Myke Towers;1;2023;3;23;1474;134;92
die first;Nessa Barrett;1;2022;6;24;767;132;183
This Love (Taylor???s Ve;Taylor Swift;1;2022;5;6;1492;132;144
Take My Breath;The Weeknd;1;2021;8;6;2597;131;121
Take My Breath;The Weeknd;1;2021;8;6;2597;131;121
Layla;Sch??rze, DJ R;2;2022;3;24;832;130;140
Baile no Morro;Mc Vitin Da Igrejinha, MC Tairon, DJ Win;3;2022;6;10;685;129;130
Say Yes To Heaven;Lana Del Rey;1;2023;3;17;2000;128;100
Say Yes To Heaven;Lana Del Rey;1;2023;3;17;2000;128;100
Dance The Night (From Barbie The Album);Dua Lipa;1;2023;5;25;2988;127;110
Las Morras;BLESSD, Peso Pluma;2;2023;4;4;291;127;133
Deck The Hall - Remastered 1999;Nat King Cole;1;1959;1;1;3299;127;107
Dance The Night (From Barbie The Album);Dua Lipa;1;2023;5;25;2988;127;110
Las Morras;BLESSD, Peso Pluma;2;2023;4;4;291;127;133
Deck The Hall - Remastered 1999;Nat King Cole;1;1959;1;1;3299;127;107
Father Time (feat. Sampha);Kendrick Lamar, Sampha;2;2022;5;13;3107;127;153
Count Me Out;Kendrick Lamar;1;2022;5;13;2729;126;134
Soy El Unico;Yahritza Y Su Esencia;1;2022;3;25;226;126;84
Thinkin??? B;Morgan Wallen;1;2023;3;3;604;126;140
Thinkin??? B;Morgan Wallen;1;2023;3;3;604;126;140
LLYLM;ROSAL?;1;2023;1;27;1838;125;170
LLYLM;ROSAL?;1;2023;1;27;1838;125;170
Miserable Man;David Kushner;1;2022;1;7;788;124;110
Silent Hill;Kendrick Lamar, Kodak Black;2;2022;5;13;3028;123;140
Stay With Me (with Justin Timberlake, Halsey, & Pharrell);Calvin Harris, Halsey, Pharrell Williams, Justin Timberlake;4;2022;7;15;3113;123;126
Hey, Mickey!;Baby Tate;1;2016;9;27;482;123;135
I AM;IVE;1;2023;4;10;366;123;122
Acr??s;Shakira;1;2023;5;11;955;123;144
Los del Espacio;Big One, Duki, Lit Killah, Maria Becerra, FMK, Rusherking, Emilia, Tiago pzk;8;2023;6;1;1150;123;120
Hey, Mickey!;Baby Tate;1;2016;9;27;482;123;135
I AM;IVE;1;2023;4;10;366;123;122
Acr??s;Shakira;1;2023;5;11;955;123;144
Los del Espacio;Big One, Duki, Lit Killah, Maria Becerra, FMK, Rusherking, Emilia, Tiago pzk;8;2023;6;1;1150;123;120
Bigger Than The Whole Sky;Taylor Swift;1;2022;10;21;1180;122;166
"""I m Tired - From """"Euphoria"""" An Original HBO Series""";Labrinth;1;2022;2;4;1888;122;71
"""Nobody Like U - From """"Turning Red""""""";Jordan Fisher, Josh Levi, Finneas O Connell, 4*TOWN (From Disney and Pixar???s Turning Red), Topher Ngo, Grayson Vill;6;2022;2;25;918;121;105
I Tried to Tell Y all;Ugly Dray, Tesla Jnr;2;2022;5;6;1657;121;96
La Loto;Anitta, Tini, Becky G;3;2022;7;6;945;121;90
Mu??;Steve Aoki, Tini, La Joaqui;3;2023;1;12;658;121;90
Mu??;Steve Aoki, Tini, La Joaqui;3;2023;1;12;658;121;90
How Do I Make You Love Me?;The Weeknd;1;2022;1;7;1915;119;121
Haegeum;Agust D;1;2023;4;21;244;119;85
How Do I Make You Love Me?;The Weeknd;1;2022;1;7;1915;119;121
Haegeum;Agust D;1;2023;4;21;244;119;85
Never Felt So Alone;Labrinth;1;2023;4;7;1730;118;98
Take Two;BTS;1;2023;6;9;674;118;93
Never Felt So Alone;Labrinth;1;2023;4;7;1730;118;98
Take Two;BTS;1;2023;6;9;674;118;93
Me Arrepent?;Ak4:20, Cris Mj, Pailita;3;2022;3;30;273;118;92
Gasoline;The Weeknd;1;2022;1;7;2297;117;123
REMIX EXCLUSIVO;Feid;1;2023;3;17;1235;117;87
on the street (with J. Cole);j-hope, J. Cole;2;2023;3;3;615;117;94
Gasoline;The Weeknd;1;2022;1;7;2297;117;123
REMIX EXCLUSIVO;Feid;1;2023;3;17;1235;117;87
on the street (with J. Cole);j-hope, J. Cole;2;2023;3;3;615;117;94
Dijeron Que No La Iba Lograr;Fuerza Regida, Chino Pacas;2;2023;3;14;320;116;142
Tubar??o Te;Dj LK da Esc??cia, Tchakabum, mc jhenny, M;4;2022;9;28;1003;116;130
Dijeron Que No La Iba Lograr;Fuerza Regida, Chino Pacas;2;2023;3;14;320;116;142
Tubar??o Te;Dj LK da Esc??cia, Tchakabum, mc jhenny, M;4;2022;9;28;1003;116;130
Popular (with Playboi Carti & Madonna) - The Idol Vol. 1 (Music from the HBO Original Series);The Weeknd, Madonna, Playboi Carti;3;2023;6;2;1945;115;99
Ni??a Bo;Sean Paul, Feid;2;2023;4;21;1305;115;91
Popular (with Playboi Carti & Madonna) - The Idol Vol. 1 (Music from the HBO Original Series);The Weeknd, Madonna, Playboi Carti;3;2023;6;2;1945;115;99
Ni??a Bo;Sean Paul, Feid;2;2023;4;21;1305;115;91
For Youth;BTS;1;2022;6;10;327;115;117
Poland;Lil Yachty;1;2022;6;23;1584;115;150
Area Codes;Kaliii, Kaliii;2;2023;3;17;1197;114;155
Area Codes;Kaliii, Kaliii;2;2023;3;17;1197;114;155
T??;dennis, MC Kevin o Chris;2;2023;5;4;731;112;130
T??;dennis, MC Kevin o Chris;2;2023;5;4;731;112;130
Privileged Rappers;Drake, 21 Savage;2;2022;11;4;1007;112;144
Raindrops (Insane) [with Travis Scott];Travis Scott, Metro Boomin;2;2022;12;2;880;111;112
Love Language;SZA;1;2022;12;9;1127;111;65
Raindrops (Insane) [with Travis Scott];Travis Scott, Metro Boomin;2;2022;12;2;880;111;112
Love Language;SZA;1;2022;12;9;1127;111;65
Ghost in the Machine (feat. Phoebe Bridgers);SZA, Phoebe Bridgers;2;2022;12;9;1634;110;125
Ghost in the Machine (feat. Phoebe Bridgers);SZA, Phoebe Bridgers;2;2022;12;9;1634;110;125
Calling (Spider-Man: Across the Spider-Verse) (Metro Boomin & Swae Lee, NAV, feat. A Boogie Wit da Hoodie);Swae Lee, A Boogie Wit da Hoodie, Metro Boomin, NAV;4;2023;6;2;1051;109;140
L???;Stromae;1;2022;1;9;2035;109;88
Calling (Spider-Man: Across the Spider-Verse) (Metro Boomin & Swae Lee, NAV, feat. A Boogie Wit da Hoodie);Swae Lee, A Boogie Wit da Hoodie, Metro Boomin, NAV;4;2023;6;2;1051;109;140
Thinking with My Dick;Kevin Gates, Juicy J;2;2013;7;16;1550;109;81
L???;Stromae;1;2022;1;9;2035;109;88
El Cielo;Feid, Myke Towers, Sky Rompiendo;3;2023;6;2;1298;108;106
Sugar Rush Ride;TOMORROW X TOGETHER;1;2023;1;27;359;108;125
El Cielo;Feid, Myke Towers, Sky Rompiendo;3;2023;6;2;1298;108;106
Sugar Rush Ride;TOMORROW X TOGETHER;1;2023;1;27;359;108;125
City of Gods;Kanye West, Alicia Keys, Fivio Foreign;3;2022;2;11;2096;107;147
Sigue;Ed Sheeran, J Balvin;2;1996;11;24;1370;107;88
Honest (feat. Don Toliver);Justin Bieber, Don Toliver;2;2022;4;29;1351;107;150
Broke Boys;Drake, 21 Savage;2;2022;11;4;1060;106;120
Private Landing (feat. Justin Bieber & Future);Don Toliver, Future, Justin Bieber;3;2023;2;23;1190;105;137
Princess Diana (with Nicki Minaj);Nicki Minaj, Ice Spice;2;2023;4;14;1444;105;148
Private Landing (feat. Justin Bieber & Future);Don Toliver, Future, Justin Bieber;3;2023;2;23;1190;105;137
Princess Diana (with Nicki Minaj);Nicki Minaj, Ice Spice;2;2023;4;14;1444;105;148
Cupid ??? Twin Ver. (FIFTY FIFTY) ??? Spe;sped up 8282;1;1997;1;1;472;104;144
I m Not Here To Make Friends;Sam Smith, Calvin Harris, Jessie Reyez;3;2023;1;27;1890;104;115
Cupid ??? Twin Ver. (FIFTY FIFTY) ??? Spe;sped up 8282;1;1997;1;1;472;104;144
I m Not Here To Make Friends;Sam Smith, Calvin Harris, Jessie Reyez;3;2023;1;27;1890;104;115
Right On;Lil Baby;1;2022;4;8;1116;102;166
Best Friends;The Weeknd;1;2022;1;7;1292;101;87
Best Friends;The Weeknd;1;2022;1;7;1292;101;87
Arc??ngel: Bzrp Music Sessions, Vol;Arcangel, Bizarrap;2;2023;3;22;654;100;124
Arc??ngel: Bzrp Music Sessions, Vol;Arcangel, Bizarrap;2;2023;3;22;654;100;124
Seek & Destroy;SZA;1;2022;12;9;1007;99;152
Seek & Destroy;SZA;1;2022;12;9;1007;99;152
"""Come Back Home - From """"Purple Hearts""""""";Sofia Carson;1;2022;7;12;367;98;145
Alone;Burna Boy;1;2022;11;4;782;96;90
Double Fantasy (with Future);The Weeknd, Future;2;2023;4;21;1169;96;119
People Pt.2 (feat. IU);IU, Agust D;2;2023;4;7;209;96;89
Everything I Love;Morgan Wallen;1;2023;1;31;579;96;104
Queencard;(G)I-DLE;1;2023;5;15;451;96;130
Double Fantasy (with Future);The Weeknd, Future;2;2023;4;21;1169;96;119
People Pt.2 (feat. IU);IU, Agust D;2;2023;4;7;209;96;89
Everything I Love;Morgan Wallen;1;2023;1;31;579;96;104
Queencard;(G)I-DLE;1;2023;5;15;451;96;130
Bye;Peso Pluma;1;2023;5;26;324;95;122
fukumean;Gunna;1;2023;5;15;1096;95;130
fukumean;Gunna;1;2023;5;15;1096;95;130
fukumean;Gunna;1;2023;5;15;1096;95;130
What It Is (Solo Version);Doechii;1;2023;3;17;804;95;172
Bye;Peso Pluma;1;2023;5;26;324;95;122
fukumean;Gunna;1;2023;5;15;1096;95;130
What It Is (Solo Version);Doechii;1;2023;3;17;804;95;172
Residente: Bzrp Music Sessions, Vol. 49;Residente, Bizarrap;2;2022;3;3;461;95;71
Am I Dreaming (Metro Boomin & A$AP Rocky, Roisee);A$AP Rocky, Metro Boomin, Roisee;3;2023;6;2;727;94;90
Sem Alian??a no;MC Xenon, Os Gemeos da Putaria;2;2022;12;23;454;94;83
Used (feat. Don Toliver);SZA, Don Toliver;2;2022;12;8;1042;94;150
Am I Dreaming (Metro Boomin & A$AP Rocky, Roisee);A$AP Rocky, Metro Boomin, Roisee;3;2023;6;2;727;94;90
Sem Alian??a no;MC Xenon, Os Gemeos da Putaria;2;2022;12;23;454;94;83
Used (feat. Don Toliver);SZA, Don Toliver;2;2022;12;8;1042;94;150
PERO T?;Karol G, Quevedo;2;2023;2;23;387;93;140
PERO T?;Karol G, Quevedo;2;2023;2;23;387;93;140
BackOutsideBoyz;Drake;1;2022;11;4;1045;93;142
So Good;Halsey;1;2022;6;9;1057;92;83
I Heard You re Married (feat. Lil Wayne);The Weeknd, Lil Wayne;2;2022;1;7;1178;92;110
UNFORGIVEN (feat. Nile Rodgers);Nile Rodgers, LE SSERAFIM;2;2023;5;1;327;92;104
I Heard You re Married (feat. Lil Wayne);The Weeknd, Lil Wayne;2;2022;1;7;1178;92;110
UNFORGIVEN (feat. Nile Rodgers);Nile Rodgers, LE SSERAFIM;2;2023;5;1;327;92;104
VAGABUNDO;Sebastian Yatra, Manuel Turizo, Be??;3;2023;5;12;1094;91;127
Agudo M??gi;Styrx, utku INC, Thezth;3;1930;1;1;323;91;130
Super;SEVENTEEN;1;2023;4;24;271;91;137
VAGABUNDO;Sebastian Yatra, Manuel Turizo, Be??;3;2023;5;12;1094;91;127
Agudo M??gi;Styrx, utku INC, Thezth;3;1930;1;1;323;91;130
Super;SEVENTEEN;1;2023;4;24;271;91;137
My Mind & Me;Selena Gomez;1;2022;11;3;953;91;144
Chance;Paulo Londra;1;2022;4;6;225;90;138
Rosa Pastel;Jasiel Nu??ez, Peso P;2;2023;2;2;200;90;123
Abcdario;Junior H, Eden Mu??;2;2023;5;13;262;90;129
Rosa Pastel;Jasiel Nu??ez, Peso P;2;2023;2;2;200;90;123
Abcdario;Junior H, Eden Mu??;2;2023;5;13;262;90;129
Ain???t Tha;Morgan Wallen;1;2023;3;3;356;89;121
Ain???t Tha;Morgan Wallen;1;2023;3;3;356;89;121
Special;SZA;1;2022;12;9;906;88;76
Here We Go??? Again (feat. Tyler, the Cr;The Weeknd, Tyler, The Creator;3;2022;1;7;1420;88;135
Special;SZA;1;2022;12;9;906;88;76
Here We Go??? Again (feat. Tyler, the Cr;The Weeknd, Tyler, The Creator;3;2022;1;7;1420;88;135
Annihilate (Spider-Man: Across the Spider-Verse) (Metro Boomin & Swae Lee, Lil Wayne, Offset);Swae Lee, Lil Wayne, Offset, Metro Boomin;4;2023;6;2;551;87;146
Annihilate (Spider-Man: Across the Spider-Verse) (Metro Boomin & Swae Lee, Lil Wayne, Offset);Swae Lee, Lil Wayne, Offset, Metro Boomin;4;2023;6;2;551;87;146
LADY GAGA;Gabito Ballesteros, Junior H, Peso Pluma;3;2023;6;22;332;86;140
LADY GAGA;Gabito Ballesteros, Junior H, Peso Pluma;3;2023;6;22;332;86;140
Savior;Kendrick Lamar, Sam Dew, Baby Keem;3;2022;5;13;2291;86;123
California Breeze;Lil Baby;1;2022;10;14;991;86;162
Hot Shit (feat. Ye & Lil Durk);Kanye West, Lil Durk, Cardi B;3;2022;7;1;1601;86;157
Bye Bye;Marshmello, Juice WRLD;2;2022;10;14;766;85;83
I Wrote The Book;Morgan Wallen;1;2023;1;31;430;83;144
I Wrote The Book;Morgan Wallen;1;2023;1;31;430;83;144
Red Ruby Da Sleeze;Nicki Minaj;1;2023;3;3;1168;81;98
DOGTOOTH;Tyler, The Creator;2;2023;3;27;1479;81;78
Novo Balan?;Veigh, Bvga Beatz, Supernova Ent, Prod Malax;4;2023;5;19;283;81;124
Red Ruby Da Sleeze;Nicki Minaj;1;2023;3;3;1168;81;98
DOGTOOTH;Tyler, The Creator;2;2023;3;27;1479;81;78
Novo Balan?;Veigh, Bvga Beatz, Supernova Ent, Prod Malax;4;2023;5;19;283;81;124
Do We Have A Problem?;Nicki Minaj, Lil Baby;2;2022;2;4;1064;81;120
Born Singer;BTS;1;2022;6;10;279;79;158
SABOR FRESA;Fuerza Regida;1;2023;6;22;250;78;130
On Time (with John Legend);John Legend, Metro Boomin;2;2022;12;2;398;78;80
Rumble;Skrillex, Flowdan, Fred again..;3;2022;1;17;2849;78;140
SABOR FRESA;Fuerza Regida;1;2023;6;22;250;78;130
On Time (with John Legend);John Legend, Metro Boomin;2;2022;12;2;398;78;80
Rumble;Skrillex, Flowdan, Fred again..;3;2022;1;17;2849;78;140
I Know - PR1SVX Edit;Kanii, PR1ISVX;2;2023;3;24;407;77;134
Shoong! (feat. LISA of BLACKPINK);TAEYANG, Lisa;2;2023;4;25;351;77;110
Primera Cita;Carin Leon;1;2022;4;20;266;77;158
Bite Me;ENHYPEN;1;2023;5;22;349;77;105
Conex??es de M??fia (feat. Rich;Rich The Kid, Matu?;2;2023;4;30;385;77;117
I Know - PR1SVX Edit;Kanii, PR1ISVX;2;2023;3;24;407;77;134
Shoong! (feat. LISA of BLACKPINK);TAEYANG, Lisa;2;2023;4;25;351;77;110
Primera Cita;Carin Leon;1;2022;4;20;266;77;158
Bite Me;ENHYPEN;1;2023;5;22;349;77;105
Conex??es de M??fia (feat. Rich;Rich The Kid, Matu?;2;2023;4;30;385;77;117
Purple Hearts;Kendrick Lamar, Ghostface Killah, Summer Walker;3;2022;5;13;2308;77;138
Blessed-Cursed;ENHYPEN;1;2022;1;10;246;77;127
psychofreak (feat. WILLOW);Camila Cabello, Willow;2;2022;4;7;918;75;180
Starry Eyes;The Weeknd;1;2022;1;7;1014;75;86
Starry Eyes;The Weeknd;1;2022;1;7;1014;75;86
SOS;SZA;1;2022;12;9;827;74;119
SOS;SZA;1;2022;12;9;827;74;119
A Veces (feat. Feid);Feid, Paulo Londra;2;2022;11;3;573;74;92
Cart??o B;MC Caverinha, KayBlack;2;2023;5;11;269;72;108
Cart??o B;MC Caverinha, KayBlack;2;2023;5;11;269;72;108
Obsessed;Abhijay Sharma, Riar Saab;2;2022;9;29;161;71;135
Obsessed;Abhijay Sharma, Riar Saab;2;2022;9;29;161;71;135
Con La Brisa;Ludwig Goransson, Foudeqush;2;2022;11;4;486;71;114
The Heart Part 5;Kendrick Lamar;1;2022;5;8;2939;71;98
The Rumbling (TV Size);SiM;1;2022;1;10;254;71;145
Self Love (Spider-Man: Across the Spider-Verse) (Metro Boomin & Coi Leray);Metro Boomin, Coi Leray;2;2023;6;2;332;70;120
Lovezinho;Treyce;1;2022;7;28;242;70;128
Self Love (Spider-Man: Across the Spider-Verse) (Metro Boomin & Coi Leray);Metro Boomin, Coi Leray;2;2023;6;2;332;70;120
Lovezinho;Treyce;1;2022;7;28;242;70;128
Hits Different;Taylor Swift;1;2023;5;26;547;69;106
Hits Different;Taylor Swift;1;2023;5;26;547;69;106
We Cry Together;Kendrick Lamar, Taylour Paige;2;2022;5;13;1635;69;108
Peaches (from The Super Mario Bros. Movie);Jack Black;1;2023;4;7;34;68;92
F2F;SZA;1;2022;12;9;989;68;90
Peaches (from The Super Mario Bros. Movie);Jack Black;1;2023;4;7;34;68;92
F2F;SZA;1;2022;12;9;989;68;90
VOID;Melanie Martinez;1;2023;3;29;596;67;100
Rauw Alejandro: Bzrp Music Sessions, Vol. 56;Rauw Alejandro, Bizarrap;2;2023;6;21;871;67;128
VOID;Melanie Martinez;1;2023;3;29;596;67;100
Rauw Alejandro: Bzrp Music Sessions, Vol. 56;Rauw Alejandro, Bizarrap;2;2023;6;21;871;67;128
SloMo;Chanel;1;2021;12;24;1211;66;105
Bussin;Nicki Minaj, Lil Baby;2;2022;2;11;847;65;140
Gospel (with Eminem);Eminem, Dr. Dre;2;2022;2;4;1040;65;117
"""Phir Aur Kya Chahiye (From """"Zara Hatke Zara Bachke"""")""";Arijit Singh, Sachin-Jigar, Amitabha Bhattacharya;3;2023;5;15;178;65;100
S-Class;Stray Kids;1;2023;6;2;290;65;105
Barbie World (with Aqua) [From Barbie The Album];Nicki Minaj, Aqua, Ice Spice;3;2023;6;23;1117;65;144
Gone Girl;SZA;1;2022;12;9;892;65;150
"""Phir Aur Kya Chahiye (From """"Zara Hatke Zara Bachke"""")""";Arijit Singh, Sachin-Jigar, Amitabha Bhattacharya;3;2023;5;15;178;65;100
S-Class;Stray Kids;1;2023;6;2;290;65;105
Barbie World (with Aqua) [From Barbie The Album];Nicki Minaj, Aqua, Ice Spice;3;2023;6;23;1117;65;144
Gone Girl;SZA;1;2022;12;9;892;65;150
Don???t Break My;The Weeknd;1;2022;1;7;1184;64;122
Don???t Break My;The Weeknd;1;2022;1;7;1184;64;122
Notice Me;SZA;1;2022;12;9;819;62;160
Notice Me;SZA;1;2022;12;9;819;62;160
Worldwide Steppers;Kendrick Lamar;1;2022;5;13;1480;62;72
thought i was playing;21 Savage, Gunna;2;2022;1;7;807;61;148
Mami Chula;Quevedo, Jhayco;2;2023;4;27;875;61;120
MOJABI GHOST;Tainy, Bad Bunny;2;2023;6;29;859;61;122
Mami Chula;Quevedo, Jhayco;2;2023;4;27;875;61;120
MOJABI GHOST;Tainy, Bad Bunny;2;2023;6;29;859;61;122
Snow On The Beach (feat. More Lana Del Rey);Lana Del Rey, Taylor Swift;2;2023;5;26;359;60;110
Snow On The Beach (feat. More Lana Del Rey);Lana Del Rey, Taylor Swift;2;2023;5;26;359;60;110
Man Made A Bar (feat. Eric Church);Morgan Wallen, Eric Church;2;2023;3;3;329;59;148
Man Made A Bar (feat. Eric Church);Morgan Wallen, Eric Church;2;2023;3;3;329;59;148
Mr. Morale;Kendrick Lamar, Tanna Leone;2;2022;5;13;1860;59;174
SORRY NOT SORRY;Tyler, The Creator;2;2023;3;31;709;58;96
69;Nicky Jam, Feid;2;2023;5;18;1134;58;93
Columbia;Quevedo;1;2023;7;7;714;58;100
Super Shy;NewJeans;1;2023;7;7;422;58;150
Super Shy;NewJeans;1;2023;7;7;422;58;150
Columbia;Quevedo;1;2023;7;7;714;58;100
Super Shy;NewJeans;1;2023;7;7;422;58;150
Columbia;Quevedo;1;2023;7;7;714;58;100
MONTAGEM - FR PUNK;Ayparia, unxbected;2;2012;6;20;641;58;129
(It Goes Like) Nanana - Edit;Peggy Gou;1;2023;6;15;2259;58;130
SORRY NOT SORRY;Tyler, The Creator;2;2023;3;31;709;58;96
69;Nicky Jam, Feid;2;2023;5;18;1134;58;93
Columbia;Quevedo;1;2023;7;7;714;58;100
Super Shy;NewJeans;1;2023;7;7;422;58;150
MONTAGEM - FR PUNK;Ayparia, unxbected;2;2012;6;20;641;58;129
(It Goes Like) Nanana - Edit;Peggy Gou;1;2023;6;15;2259;58;130
AMERICA HAS A PROBLEM (feat. Kendrick Lamar);Kendrick Lamar, Beyonc?;2;2023;5;19;896;57;126
POLARIS - Remix;Feid, Mora, Saiko, Quevedo;4;2023;6;8;773;57;170
???98 Braves;Morgan Wallen;1;2023;3;3;282;57;142
Smoking on my Ex Pack;SZA;1;2022;12;9;811;57;81
Conceited;SZA;1;2022;12;9;899;57;150
AMERICA HAS A PROBLEM (feat. Kendrick Lamar);Kendrick Lamar, Beyonc?;2;2023;5;19;896;57;126
POLARIS - Remix;Feid, Mora, Saiko, Quevedo;4;2023;6;8;773;57;170
???98 Braves;Morgan Wallen;1;2023;3;3;282;57;142
Smoking on my Ex Pack;SZA;1;2022;12;9;811;57;81
Conceited;SZA;1;2022;12;9;899;57;150
LUNA;Junior H, Peso Pluma;2;2023;6;22;201;56;128
LUNA;Junior H, Peso Pluma;2;2023;6;22;201;56;128
SPACE MAN;Sam Ryder;1;2022;2;22;1329;55;80
25k jacket (feat. Lil Baby);Gunna, Lil Baby;2;2022;1;7;620;55;115
Mirror;Kendrick Lamar;1;2022;5;13;1929;54;92
Stefania (Kalush Orchestra);KALUSH;1;2022;3;10;555;54;105
Still Life;BIGBANG;1;2022;4;5;181;54;118
Lady Mi Amor;Feid;1;2022;9;13;330;54;93
BABY HELLO;Rauw Alejandro, Bizarrap;2;2023;6;23;1004;54;130
"""Tere Vaaste (From """"Zara Hatke Zara Bachke"""")""";Sachin-Jigar, Shadab Faridi, Altamash Faridi, Amitabh Bhattacharya, Varun Jain;5;2023;5;22;182;54;110
Dawn FM;The Weeknd;1;2022;1;7;811;54;78
BABY HELLO;Rauw Alejandro, Bizarrap;2;2023;6;23;1004;54;130
"""Tere Vaaste (From """"Zara Hatke Zara Bachke"""")""";Sachin-Jigar, Shadab Faridi, Altamash Faridi, Amitabh Bhattacharya, Varun Jain;5;2023;5;22;182;54;110
Dawn FM;The Weeknd;1;2022;1;7;811;54;78
HAPPY;NF;1;2023;3;25;660;53;106
HAPPY;NF;1;2023;3;25;660;53;106
Far;SZA;1;2022;12;9;680;52;116
Lilith (feat. SUGA of BTS) (Diablo IV Anthem);Halsey, Suga;2;2023;6;5;215;52;84
I Can See You (Taylor???s Version) (From The;Taylor Swift;1;2023;7;7;516;52;123
TULUM;Peso Pluma, Grupo Frontera;2;2023;6;28;266;52;168
Far;SZA;1;2022;12;9;680;52;116
Lilith (feat. SUGA of BTS) (Diablo IV Anthem);Halsey, Suga;2;2023;6;5;215;52;84
I Can See You (Taylor???s Version) (From The;Taylor Swift;1;2023;7;7;516;52;123
TULUM;Peso Pluma, Grupo Frontera;2;2023;6;28;266;52;168
Mejor Que Yo;Mambo Kingz, DJ Luian, Anuel Aa;3;2023;5;4;675;51;178
Mejor Que Yo;Mambo Kingz, DJ Luian, Anuel Aa;3;2023;5;4;675;51;178
Worst Day;Future;1;2022;2;11;910;51;89
Too Late;SZA;1;2022;12;8;714;49;128
Too Late;SZA;1;2022;12;8;714;49;128
Cheques;Shubh;1;2023;5;19;67;48;90
Cheques;Shubh;1;2023;5;19;67;48;90
XQ Te Pones As?;Yandel, Feid;2;2022;9;13;308;47;92
Stand By Me (feat. Morgan Wallen);Lil Durk, Morgan Wallen;2;2023;5;26;381;46;134
Karma (feat. Ice Spice);Taylor Swift, Ice Spice;2;2023;5;26;588;46;90
Stand By Me (feat. Morgan Wallen);Lil Durk, Morgan Wallen;2;2023;5;26;381;46;134
Karma (feat. Ice Spice);Taylor Swift, Ice Spice;2;2023;5;26;588;46;90
Pi??man De?;"Semicenk, Do??u ";2;2023;6;2;185;44;98
CORAZ??N VA;Maria Becerra;1;2023;6;22;370;44;98
Pi??man De?;"Semicenk, Do??u ";2;2023;6;2;185;44;98
CORAZ??N VA;Maria Becerra;1;2023;6;22;370;44;98
A Tale By Quincy;The Weeknd;1;2022;1;7;733;42;94
A Tale By Quincy;The Weeknd;1;2022;1;7;733;42;94
Crown;Kendrick Lamar;1;2022;5;13;1493;42;170
Rich - Interlude;Kendrick Lamar;1;2022;5;13;1103;41;104
Novidade na ??;Mc Livinho, DJ Matt D;2;2023;6;23;267;40;130
Enchanted (Taylor s Version);Taylor Swift;1;2023;7;7;148;40;82
Curtains;Ed Sheeran;1;2023;5;5;715;40;176
Hummingbird (Metro Boomin & James Blake);James Blake, Metro Boomin;2;2023;6;2;277;40;81
Novidade na ??;Mc Livinho, DJ Matt D;2;2023;6;23;267;40;130
Enchanted (Taylor s Version);Taylor Swift;1;2023;7;7;148;40;82
Curtains;Ed Sheeran;1;2023;5;5;715;40;176
Hummingbird (Metro Boomin & James Blake);James Blake, Metro Boomin;2;2023;6;2;277;40;81
Back To December (Taylor s Version);Taylor Swift;1;2023;7;7;139;39;142
LAGUNAS;Jasiel Nu??ez, Peso P;2;2023;6;22;58;39;116
Back To December (Taylor s Version);Taylor Swift;1;2023;7;7;139;39;142
LAGUNAS;Jasiel Nu??ez, Peso P;2;2023;6;22;58;39;116
Still With You;Jung Kook;1;2020;6;5;31;38;88
Still With You;Jung Kook;1;2020;6;5;31;38;88
Auntie Diaries;Kendrick Lamar;1;2022;5;13;1545;38;78
Savior - Interlude;Kendrick Lamar;1;2022;5;13;1194;37;118
Mine (Taylor s Version);Taylor Swift;1;2023;7;7;99;37;121
All The Way Live (Spider-Man: Across the Spider-Verse) (Metro Boomin & Future, Lil Uzi Vert);Future, Lil Uzi Vert, Metro Boomin;3;2023;6;2;259;37;135
Every Angel is Terrifying;The Weeknd;1;2022;1;7;715;37;118
Mine (Taylor s Version);Taylor Swift;1;2023;7;7;99;37;121
All The Way Live (Spider-Man: Across the Spider-Verse) (Metro Boomin & Future, Lil Uzi Vert);Future, Lil Uzi Vert, Metro Boomin;3;2023;6;2;259;37;135
Every Angel is Terrifying;The Weeknd;1;2022;1;7;715;37;118
Don t ever say love me (feat. RM of BTS);RM, Colde;2;2023;5;4;105;35;145
Don t ever say love me (feat. RM of BTS);RM, Colde;2;2023;5;4;105;35;145
Born With A Beer In My Hand;Morgan Wallen;1;2023;3;3;203;34;148
Born With A Beer In My Hand;Morgan Wallen;1;2023;3;3;203;34;148
Devil Don???;Morgan Wallen;1;2023;3;3;166;33;125
Link Up (Metro Boomin & Don Toliver, Wizkid feat. BEAM & Toian) - Spider-Verse Remix (Spider-Man: Across the Spider-Verse );WizKid, Toian, Metro Boomin, Don Toliver, Beam;5;2023;6;2;197;33;101
Devil Don???;Morgan Wallen;1;2023;3;3;166;33;125
Link Up (Metro Boomin & Don Toliver, Wizkid feat. BEAM & Toian) - Spider-Verse Remix (Spider-Man: Across the Spider-Verse );WizKid, Toian, Metro Boomin, Don Toliver, Beam;5;2023;6;2;197;33;101
Mother I Sober (feat. Beth Gibbons of Portishead);Kendrick Lamar, Beth Gibbons;2;2022;5;13;1890;33;140
Phantom Regret by Jim;The Weeknd;1;2022;1;7;768;32;108
Mi Bello Angel;Natanael Cano;1;2023;6;30;86;32;128
Mi Bello Angel;Natanael Cano;1;2023;6;30;86;32;128
"""What Was I Made For? [From The Motion Picture """"Barbie""""]""";Billie Eilish;1;2023;7;13;873;31;78
"""What Was I Made For? [From The Motion Picture """"Barbie""""]""";Billie Eilish;1;2023;7;13;873;31;78
New Jeans;NewJeans;1;2023;7;7;77;30;134
Better Than Revenge (Taylor s Version);Taylor Swift;1;2023;7;7;86;30;146
New Jeans;NewJeans;1;2023;7;7;77;30;134
Better Than Revenge (Taylor s Version);Taylor Swift;1;2023;7;7;86;30;146
Danger (Spider) (Offset & JID);Offset, JID;2;2023;6;2;214;25;143
Danger (Spider) (Offset & JID);Offset, JID;2;2023;6;2;214;25;143
Rush;Troye Sivan;1;2023;7;13;864;23;126
Rush;Troye Sivan;1;2023;7;13;864;23;126
S91;Karol G;1;2023;7;14;525;16;128
S91;Karol G;1;2023;7;14;525;16;128
Overdrive;Post Malone;1;2023;7;14;410;15;140
Overdrive;Post Malone;1;2023;7;14;410;15;140
Gol Bolinha, Gol Quadrado 2;Mc Pedrinho, DJ 900;2;2023;6;1;293;12;133
QUEMA;Sog, Ryan Castro, Peso Pluma;3;2023;7;13;437;12;97
Gol Bolinha, Gol Quadrado 2;Mc Pedrinho, DJ 900;2;2023;6;1;293;12;133
QUEMA;Sog, Ryan Castro, Peso Pluma;3;2023;7;13;437;12;97
Jhoome Jo Pathaan;Arijit Singh, Vishal Dadlani, Sukriti Kakar, Vishal-Shekhar, Shekhar Ravjiani, Kumaar;6;2022;12;22;138;1;105
Jhoome Jo Pathaan;Arijit Singh, Vishal Dadlani, Sukriti Kakar, Vishal-Shekhar, Shekhar Ravjiani, Kumaar;6;2022;12;22;138;1;105
Que Vuelvas;Carin Leon, Grupo Frontera;2;2022;12;9;763;0;162
Que Vuelvas;Carin Leon, Grupo Frontera;2;2022;12;9;763;0;162
Love Grows (Where My Rosemary Goes);Edison Lighthouse;1;1970;1;1;2877;0;110
